source_file,species,pulse_id,candidate_id,component_id,component_count,separation_applied,separation_confidence,track_median_freq_khz,track_relative_db,accepted,rejection_reason,candidate_start_s,candidate_end_s,start_s,end_s,duration_ms,snr_db,core_threshold_db,peak_freq_khz,start_freq_khz,end_freq_khz,frequency_drop_khz,f05_khz,f95_khz,bandwidth_90_khz,slope_khz_per_ms,track_coverage,max_track_jump_khz,rms,group_id,temporary_label,raw_cluster,acoustic_type,acoustic_type_description,pca_1,pca_2
Avisoft录制1.wav,unlabeled,33,31,1,1,False,1.0,,0.0,True,,58.746224000000005,58.7716,58.746968,58.770728,23.76,29.87634840584917,-24.0,104.4921875,106.4453125,85.44921875,20.99609375,102.05078125,104.98046875,2.9296875,-0.0677679214577227,0.978494623655914,16.11328125,0.142235979437828,Avisoft录制1.wav,,3,B,高频窄带或CF型,6.1820263722740725,0.1394153225111532
Avisoft录制1.wav,unlabeled,27,25,1,1,False,1.0,,0.0,True,,56.083824,56.101008,56.082392,56.099752,17.36,20.285758405103483,-14.861116689172228,106.4453125,98.6328125,85.44921875,13.18359375,90.8203125,106.93359375,16.11328125,-0.5089240055086108,0.9926470588235294,10.7421875,0.048355646431446,Avisoft录制1.wav,,3,B,高频窄带或CF型,5.632959652411659,0.0401588582793434
Avisoft录制1.wav,unlabeled,50,46,1,1,False,1.0,,0.0,True,,59.926896,59.963536000000005,59.932888,59.959848,26.96,16.65049699572548,-14.489615232732902,103.515625,103.02734375,102.05078125,0.9765625,103.02734375,104.00390625,0.9765625,-0.0119682892200853,1.0,2.9296875,0.1369052976369857,Avisoft录制1.wav,,3,B,高频窄带或CF型,6.443825435493447,2.0373500393538717
Avisoft录制1.wav,unlabeled,22,20,1,1,False,1.0,,0.0,True,,3.548784,3.564944,3.54748,3.565352,17.872,14.464606898180149,-10.0,107.91015625,105.46875,84.47265625,20.99609375,87.890625,108.3984375,20.5078125,-0.6394754260350264,1.0,8.30078125,0.0187347624450922,Avisoft录制1.wav,,3,B,高频窄带或CF型,5.809991870280412,-0.509244870876789
Avisoft录制1.wav,unlabeled,4,4,1,3,True,0.9653846153846152,84.228515625,0.0,True,,0.26072,0.263568,0.260624,0.263144,2.52,13.094749654239775,-10.410121550839056,84.47265625,94.7265625,83.0078125,11.71875,82.03125,94.23828125,12.20703125,-6.086306464403215,1.0,9.27734375,0.0123508237302303,Avisoft录制1.wav,,3,B,高频窄带或CF型,4.033037710193708,-2.0195931778961462
Avisoft录制1.wav,unlabeled,49,45,1,1,False,1.0,,0.0,True,,59.870576,59.90312,59.879,59.89316,14.16,11.875252510400724,-14.018485834530392,103.515625,103.515625,104.00390625,-0.48828125,103.02734375,104.00390625,0.9765625,0.0189128111186243,1.0,0.48828125,0.0843639895319938,Avisoft录制1.wav,,3,B,高频窄带或CF型,5.988578316194622,1.59225919024454
Avisoft录制1.wav,unlabeled,19,17,1,1,False,1.0,,0.0,True,,3.4556,3.467664,3.4534,3.468008,14.608,11.855113308084816,-10.0,107.91015625,107.421875,104.98046875,2.44140625,88.37890625,108.3984375,20.01953125,-0.6156252542930841,1.0,18.06640625,0.0149244675412774,Avisoft录制1.wav,,3,B,高频窄带或CF型,6.240084958426487,0.1485218879541841
Avisoft录制1.wav,unlabeled,32,30,1,1,False,1.0,,0.0,True,,58.715504,58.721424,58.713368,58.723624,10.256,11.206593189097084,-10.0,104.00390625,101.07421875,104.00390625,-2.9296875,103.02734375,104.4921875,1.46484375,0.1632531914715289,1.0,2.9296875,0.0173558462411165,Avisoft录制1.wav,,3,B,高频窄带或CF型,5.828105078335251,1.5047504306566886
Avisoft录制1.wav,unlabeled,20,18,1,1,False,1.0,,0.0,True,,3.471984,3.479952,3.469976,3.482152,12.176,10.965898368215036,-10.0,107.91015625,93.26171875,107.91015625,-14.6484375,105.46875,108.3984375,2.9296875,0.2647830427048709,1.0,7.32421875,0.0156308244913816,Avisoft录制1.wav,,3,B,高频窄带或CF型,6.061761462018365,2.200144963730841
Avisoft录制1.wav,unlabeled,16,14,1,1,False,1.0,,0.0,True,,3.0961760000000003,3.112336,3.093976,3.114216,20.24,10.698962456230891,-10.0,106.4453125,105.95703125,97.65625,8.30078125,92.7734375,106.93359375,14.16015625,-0.3296975335557794,1.0,5.37109375,0.0135631682351231,Avisoft录制1.wav,,3,B,高频窄带或CF型,6.156771595681677,0.7340779554033863
Avisoft录制1.wav,unlabeled,21,19,1,1,False,1.0,,0.0,True,,3.538544,3.54344,3.536344,3.544744,8.4,10.688714722558476,-10.0,107.91015625,108.3984375,84.9609375,23.4375,82.51953125,108.3984375,25.87890625,-2.4351791478985123,1.0,8.7890625,0.0124719329178333,Avisoft录制1.wav,,3,B,高频窄带或CF型,5.463456780378205,-1.7817662063519353
Avisoft录制1.wav,unlabeled,45,43,1,3,True,1.0,42.3583984375,0.0,True,,59.470192,59.475088,59.470872,59.474152,3.28,10.307382125474703,-10.0,40.0390625,46.38671875,36.1328125,10.25390625,37.59765625,44.43359375,6.8359375,-3.5095214843749987,1.0,2.44140625,0.0159698631614446,Avisoft录制1.wav,,1,A,短促宽带下降FM型,-1.1807107712702367,-0.8322252171172267
Avisoft录制1.wav,unlabeled,17,15,1,1,False,1.0,,0.0,True,,3.162736,3.171728,3.160536,3.173864,13.328,10.118264355891304,-10.0,106.4453125,106.4453125,106.4453125,0.0,86.9140625,106.93359375,20.01953125,-0.6415699122976866,1.0,16.6015625,0.0125851714983582,Avisoft录制1.wav,,3,B,高频窄带或CF型,6.087194342242079,0.2763930447302002
Avisoft录制1.wav,unlabeled,30,28,1,1,False,1.0,,0.0,True,,58.09496,58.098832,58.09276,58.101032,8.272,9.975728573033456,-10.0,104.4921875,104.4921875,104.4921875,0.0,88.8671875,104.98046875,16.11328125,-0.3682983505142331,1.0,15.13671875,0.01567018404603,Avisoft录制1.wav,,3,B,高频窄带或CF型,5.7361388504895325,0.258540217572586
Avisoft录制1.wav,unlabeled,31,29,1,1,False,1.0,,0.0,True,,58.675568000000005,58.684560000000005,58.673368,58.68612,12.752,9.753236845846658,-10.0,104.00390625,104.4921875,104.00390625,0.48828125,87.40234375,104.4921875,17.08984375,-0.4353081182141664,1.0,13.18359375,0.0179721321910619,Avisoft录制1.wav,,3,B,高频窄带或CF型,5.82742450501523,0.4675416074413911
Avisoft录制1.wav,unlabeled,13,11,1,1,False,1.0,,0.0,True,,2.258544,2.26344,2.256344,2.26564,9.296,9.454294348332969,-10.0,106.4453125,106.4453125,106.4453125,0.0,97.65625,106.93359375,9.27734375,2.8872250230854447e-16,1.0,0.0,0.0121475113555789,Avisoft录制1.wav,,3,B,高频窄带或CF型,5.962435550818168,1.1129000664823248
Avisoft录制1.wav,unlabeled,52,48,1,1,False,1.0,,0.0,True,,60.006768,60.030976,60.009368,60.0234,14.032,9.408196812520174,-10.0,103.515625,103.02734375,103.515625,-0.48828125,103.02734375,104.00390625,0.9765625,0.0107313350934352,1.0,0.48828125,0.0562857389450073,Avisoft录制1.wav,,3,B,高频窄带或CF型,5.962544253438249,1.5855723192427518
Avisoft录制1.wav,unlabeled,48,44,1,1,False,1.0,,0.0,True,,59.81016,59.843728000000006,59.80956,59.833576,24.016,9.3546887635785,-10.0,103.515625,88.37890625,104.00390625,-15.625,103.02734375,104.00390625,0.9765625,0.2469566723620872,1.0,8.30078125,0.0685082450509071,Avisoft录制1.wav,,3,B,高频窄带或CF型,6.068760880519621,2.8524620842556594
Avisoft录制1.wav,unlabeled,11,9,1,1,False,1.0,,0.0,True,,0.3436639999999999,0.34856,0.34236,0.348776,6.416,9.142461304067078,-10.049422103370423,105.95703125,105.95703125,105.95703125,0.0,42.96875,106.4453125,63.4765625,-2.5981367982890355,1.0,20.99609375,0.016294976696372,Avisoft录制1.wav,,2,D,复杂、中间或混合声型,5.055249270911346,-1.92041631131665
Avisoft录制1.wav,unlabeled,46,43,2,3,True,0.9835230515337292,102.783203125,-1.4829253619643863,True,,59.470192,59.475088,59.470872,59.474152,3.28,8.824456763510316,-10.0,102.5390625,104.00390625,102.05078125,1.953125,101.07421875,104.4921875,3.41796875,-0.680776742788467,1.0,0.9765625,0.0112607255578041,Avisoft录制1.wav,,3,B,高频窄带或CF型,5.521078711190157,0.6348100777242015
Avisoft录制1.wav,unlabeled,26,24,1,1,False,1.0,,0.0,True,,56.073584,56.081552,56.073688,56.080424,6.736,8.611409367459203,-12.289273267113256,106.4453125,106.4453125,88.8671875,17.578125,84.47265625,106.4453125,21.97265625,-3.110322427834217,1.0,9.765625,0.0249077919870615,Avisoft录制1.wav,,3,B,高频窄带或CF型,5.40162543458875,-1.6138421001398366
Avisoft录制1.wav,unlabeled,37,35,1,1,False,1.0,,0.0,True,,58.956144,58.957968,58.953944,58.960168,6.224,8.051557308170299,-10.0,103.515625,103.02734375,107.91015625,-4.8828125,41.9921875,107.91015625,65.91796875,1.0661689602598772,1.0,5.37109375,0.0149660445749759,Avisoft录制1.wav,,2,D,复杂、中间或混合声型,4.785855270396077,-0.1608484094914737
Avisoft录制1.wav,unlabeled,51,47,1,1,False,1.0,,0.0,True,,59.983216000000006,60.00552,59.98812,60.001,12.88,8.021097043609487,-10.0,103.02734375,103.515625,103.02734375,0.48828125,102.5390625,104.00390625,1.46484375,-0.0375915420701077,1.0,0.48828125,0.0502943024039268,Avisoft录制1.wav,,3,B,高频窄带或CF型,5.902130791926708,1.4399728883841576
Avisoft录制1.wav,unlabeled,47,43,3,3,True,0.8672661139743929,90.087890625,-2.4166379775987537,True,,59.470192,59.475088,59.470872,59.473888,3.016,7.890744147875949,-10.0,87.890625,93.75,80.56640625,13.18359375,84.9609375,92.7734375,7.8125,-4.47166093926452,0.9166666666666666,5.37109375,0.0142110716551542,Avisoft录制1.wav,,3,B,高频窄带或CF型,3.812339907030084,-1.3266942133999235
Avisoft录制1.wav,unlabeled,43,41,1,1,False,1.0,,0.0,True,,59.425136,59.42696,59.422936,59.42916,6.224,6.164226160532653,-10.0,103.02734375,90.8203125,103.02734375,-12.20703125,41.015625,104.4921875,63.4765625,2.04008452746332,1.0,16.11328125,0.0158352050930261,Avisoft录制1.wav,,2,D,复杂、中间或混合声型,4.372488613822802,0.2892251028301831
Avisoft录制1.wav,unlabeled,5,4,2,3,True,0.8226764852168955,90.8203125,-7.859116330479406,True,,0.26072,0.263568,0.260624,0.263144,2.52,5.235633323760371,-10.410121550839056,88.37890625,87.40234375,90.8203125,-3.41796875,86.42578125,91.30859375,4.8828125,1.5058015522203787,0.95,2.44140625,0.0065762619487941,Avisoft录制1.wav,,3,B,高频窄带或CF型,3.822114388763288,1.468094917473957
Avisoft录制2.wav,unlabeled,43,32,1,1,False,1.0,,0.0,True,,57.539952,57.543824,57.538712,57.543912,5.2,19.762670236397216,-15.530964246670052,53.7109375,67.87109375,51.26953125,16.6015625,44.43359375,66.40625,21.97265625,-6.385962722193489,1.0,12.6953125,0.1194857060909271,Avisoft录制2.wav,,1,A,短促宽带下降FM型,0.8266128942249266,-2.6774851268587048
Avisoft录制2.wav,unlabeled,31,23,1,1,False,1.0,,0.0,True,,56.635760000000005,56.640656,56.634776,56.64004,5.263999999999999,17.464652123330854,-16.157672391920833,50.78125,69.3359375,46.875,22.4609375,43.9453125,59.5703125,15.625,-4.316997164874702,1.0,6.8359375,0.1726716607809066,Avisoft录制2.wav,,1,A,短促宽带下降FM型,0.4474562642414896,-2.1240774969774905
Avisoft录制2.wav,unlabeled,69,46,1,1,False,1.0,,0.0,True,,58.017136,58.022032,58.01564,58.021096,5.456,17.385018003548915,-14.480148145402367,48.828125,83.0078125,51.26953125,31.73828125,44.43359375,65.91796875,21.484375,-7.161054320293634,1.0,6.8359375,0.1540703773498535,Avisoft录制2.wav,,1,A,短促宽带下降FM型,1.030773153452492,-3.6592670339969766
Avisoft录制2.wav,unlabeled,28,20,1,1,False,1.0,,0.0,True,,56.545648,56.551568,56.545048,56.550184,5.136,17.06813934064872,-14.374317634904116,54.6875,71.2890625,50.78125,20.5078125,44.921875,61.03515625,16.11328125,-4.586276277017085,1.0,5.859375,0.1856005787849426,Avisoft录制2.wav,,1,A,短促宽带下降FM型,0.7026996426573112,-2.057945937800865
Avisoft录制2.wav,unlabeled,82,55,1,1,False,1.0,,0.0,True,,58.23832,58.242192,58.236696,58.241384,4.688000000000001,16.457127667078268,-14.523954234247904,48.828125,62.5,51.26953125,11.23046875,44.921875,58.10546875,13.18359375,-3.300102020451782,1.0,18.5546875,0.1195003539323806,Avisoft录制2.wav,,1,A,短促宽带下降FM型,0.3848428825130549,-1.5044567615919335
Avisoft录制2.wav,unlabeled,60,42,1,2,True,0.8342105263157895,48.2177734375,0.0,True,,57.861488,57.864336,57.860368,57.864616,4.248,16.45302443781426,-13.575716288037324,46.875,58.10546875,42.48046875,15.625,42.96875,58.10546875,15.13671875,-4.578219560196231,1.0,2.9296875,0.0925383642315864,Avisoft录制2.wav,,1,A,短促宽带下降FM型,-0.1229127913017418,-1.6494686365377325
Avisoft录制2.wav,unlabeled,39,30,1,2,True,0.825,47.8515625,0.0,True,,57.406832,57.40968,57.40616,57.410088,3.928,16.34047311143653,-12.911031675485084,45.8984375,47.8515625,47.8515625,0.0,42.96875,50.29296875,7.32421875,-0.2614913448210806,1.0,4.8828125,0.0616479068994522,Avisoft录制2.wav,,0,C,低频窄带或缓变型,-0.5303933057884194,0.6321774982271644
Avisoft录制2.wav,unlabeled,50,37,1,1,False,1.0,,0.0,True,,57.716080000000005,57.718928000000005,57.714264,57.719016,4.752,15.777831941792172,-15.020796009250915,49.8046875,67.87109375,50.29296875,17.578125,42.96875,60.05859375,17.08984375,-4.992624356509535,1.0,7.8125,0.1049244478344917,Avisoft录制2.wav,,1,A,短促宽带下降FM型,0.4511290116079971,-2.1021658802172687
Avisoft录制2.wav,unlabeled,29,21,1,1,False,1.0,,0.0,True,,56.590704,56.594576,56.589592,56.594536,4.944,15.727257408810912,-14.75026855488051,48.33984375,68.359375,44.43359375,23.92578125,44.43359375,62.5,18.06640625,-5.540577506246839,1.0,4.8828125,0.1255787014961242,Avisoft录制2.wav,,1,A,短促宽带下降FM型,0.3891073140434793,-2.5589179347327797
Avisoft录制2.wav,unlabeled,35,26,1,1,False,1.0,,0.0,True,,56.776048,56.780944000000005,56.77532,56.780072,4.752,15.437191220460384,-15.22121183638697,51.26953125,43.9453125,50.29296875,-6.34765625,44.921875,56.15234375,11.23046875,-2.6810154871549803,1.0,18.06640625,0.1336867362260818,Avisoft录制2.wav,,1,A,短促宽带下降FM型,-0.0839796294522639,-0.1137994150588
Avisoft录制2.wav,unlabeled,40,30,2,2,True,0.8122876198694089,53.22265625,-1.1441142117531995,True,,57.406832,57.40968,57.40552,57.409888,4.368,15.19635889968333,-12.911031675485084,53.22265625,68.359375,40.52734375,27.83203125,50.29296875,64.453125,14.16015625,-7.081232151063547,1.0,8.30078125,0.0666011795401573,Avisoft录制2.wav,,1,A,短促宽带下降FM型,0.607193631089791,-3.240018814894154
Avisoft录制2.wav,unlabeled,91,62,1,1,False,1.0,,0.0,True,,58.534256,58.536080000000005,58.532312,58.53668,4.368,15.17757578601751,-14.208805344665112,49.31640625,64.94140625,48.828125,16.11328125,42.96875,59.5703125,16.6015625,-5.296765923166138,1.0,4.8828125,0.1016172692179679,Avisoft录制2.wav,,1,A,短促宽带下降FM型,0.2900075477220106,-1.991328078112672
Avisoft录制2.wav,unlabeled,64,44,1,2,True,0.95,53.22265625,0.0,True,,57.960816,57.967760000000006,57.960024,57.964192,4.168,14.936989129640756,-13.340600947878286,48.828125,60.05859375,44.43359375,15.625,45.41015625,57.12890625,11.71875,-4.269160832827384,0.9696969696969696,1.953125,0.0964738801121711,Avisoft录制2.wav,,1,A,短促宽带下降FM型,-0.0644976332394211,-1.4261132665408764
Avisoft录制2.wav,unlabeled,75,50,1,2,True,0.8,55.419921875,0.0,True,,58.100080000000005,58.107024,58.099984,58.106728,6.744,14.921339887307902,-14.379089366842344,48.828125,83.49609375,46.875,36.62109375,43.9453125,63.4765625,19.53125,-6.222279756109549,0.9056603773584906,5.859375,0.130124494433403,Avisoft录制2.wav,,1,A,短促宽带下降FM型,0.6831986862376032,-3.4954156895932806
Avisoft录制2.wav,unlabeled,25,17,1,1,False,1.0,,0.0,True,,56.409456000000006,56.414352,56.408344,56.41316,4.816,14.795935688205486,-15.413866958940986,46.875,73.73046875,50.78125,22.94921875,44.921875,59.5703125,14.6484375,-4.868654000027356,1.0,9.765625,0.1338761895895004,Avisoft录制2.wav,,1,A,短促宽带下降FM型,0.5780129192851421,-2.425570686519679
Avisoft录制2.wav,unlabeled,27,19,1,1,False,1.0,,0.0,True,,56.498544,56.503440000000005,56.49756,56.50436,6.8,14.771774099043968,-17.750684683913985,48.828125,64.453125,45.8984375,18.5546875,44.43359375,58.59375,14.16015625,-2.7020590542065746,1.0,3.41796875,0.1361326277256012,Avisoft录制2.wav,,1,A,短促宽带下降FM型,0.2564103417924508,-1.2033603276475786
Avisoft录制2.wav,unlabeled,62,43,1,2,True,0.8615384615384616,56.0302734375,0.0,True,,57.90552,57.912464,57.906704,57.911328,4.624,14.74815194480596,-12.4855554288098,54.6875,70.80078125,44.43359375,26.3671875,45.41015625,65.4296875,20.01953125,-6.782502281159493,0.972972972972973,4.39453125,0.118677020072937,Avisoft录制2.wav,,1,A,短促宽带下降FM型,0.6148833503748551,-3.0665219685717555
Avisoft录制2.wav,unlabeled,103,70,1,1,False,1.0,,0.0,True,,59.238768,59.241616,59.236824,59.240872,4.048,14.688840304789965,-12.794701517296703,47.8515625,64.453125,48.33984375,16.11328125,43.45703125,60.05859375,16.6015625,-5.174592093638312,1.0,2.9296875,0.1084338128566742,Avisoft录制2.wav,,1,A,短促宽带下降FM型,0.2248546931305634,-1.908208508537662
Avisoft录制2.wav,unlabeled,100,69,1,3,True,0.915625,48.7060546875,0.0,True,,58.986864,58.99176,58.986128,58.991336,5.208,14.224836964646355,-11.082757735658358,53.22265625,54.19921875,41.50390625,12.6953125,43.9453125,55.17578125,11.23046875,-3.291266871589137,0.926829268292683,3.41796875,0.1095990762114524,Avisoft录制2.wav,,1,A,短促宽带下降FM型,-0.3035441425326736,-0.9077666851790542
Avisoft录制2.wav,unlabeled,45,34,1,1,False,1.0,,0.0,True,,57.607536,57.611408,57.607064,57.611112,4.048,14.087700205707447,-11.407075045285886,50.29296875,63.96484375,50.29296875,13.671875,43.45703125,57.12890625,13.671875,-4.332785732235716,1.0,5.859375,0.1139681413769722,Avisoft录制2.wav,,1,A,短促宽带下降FM型,0.2493801251696588,-1.547446509441166
Avisoft录制2.wav,unlabeled,89,60,1,1,False,1.0,,0.0,True,,58.49432,58.498192,58.49276,58.497448,4.688000000000001,14.036442685462,-10.236227507278258,52.734375,40.52734375,52.24609375,-11.71875,44.43359375,62.01171875,17.578125,-2.563027987382944,1.0,22.4609375,0.1106346398591995,Avisoft录制2.wav,,1,A,短促宽带下降FM型,0.0837209602384084,-0.052089841963192
Avisoft录制2.wav,unlabeled,47,36,1,3,True,0.8980891927083332,49.9267578125,0.0,True,,57.656688,57.659536,57.655192,57.659816,4.624,14.007437330269134,-12.92351559066763,47.36328125,49.31640625,41.9921875,7.32421875,43.45703125,55.6640625,12.20703125,-3.57953124371581,0.972972972972973,8.7890625,0.0777048021554946,Avisoft录制2.wav,,1,A,短促宽带下降FM型,-0.3932766538039087,-0.9236769687962366
Avisoft录制2.wav,unlabeled,77,51,1,1,False,1.0,,0.0,True,,58.140016,58.143888,58.138264,58.142952,4.688000000000001,13.845504401510988,-13.29685439777644,47.8515625,63.96484375,51.26953125,12.6953125,45.41015625,59.5703125,14.16015625,-3.7414420549764382,1.0,4.8828125,0.1213700547814369,Avisoft录制2.wav,,1,A,短促宽带下降FM型,0.3186573018379851,-1.2781157045473408
Avisoft录制2.wav,unlabeled,57,41,1,3,True,0.8,52.734375,0.0,True,,57.851248000000005,57.854096000000006,57.84968,57.854432,4.752,13.808663373649344,-12.236001786094658,47.8515625,67.87109375,41.9921875,25.87890625,43.9453125,62.5,18.5546875,-6.370102576767615,0.9473684210526316,3.90625,0.083200454711914,Avisoft录制2.wav,,1,A,短促宽带下降FM型,0.1754446535952402,-2.8560143768924444
Avisoft录制2.wav,unlabeled,53,39,1,1,False,1.0,,0.0,True,,57.784688,57.786512,57.782552,57.787048,4.496,13.780091330690958,-11.441690390182911,47.36328125,68.84765625,46.875,21.97265625,43.45703125,61.03515625,17.578125,-5.548739832187082,1.0,3.90625,0.0913779139518737,Avisoft录制2.wav,,1,A,短促宽带下降FM型,0.3460666865110445,-2.4231213469689328
Avisoft录制2.wav,unlabeled,65,44,2,2,True,0.9361502828636056,58.349609375,-1.2464745422755117,True,,57.960816,57.967760000000006,57.960024,57.965344,5.32,13.690514587365248,-13.340600947878286,48.33984375,82.51953125,47.8515625,34.66796875,44.43359375,65.91796875,21.484375,-7.899666604725467,0.9285714285714286,7.32421875,0.0927598550915718,Avisoft录制2.wav,,1,A,短促宽带下降FM型,0.7760247207979964,-4.01280053677653
Avisoft录制2.wav,unlabeled,30,22,1,1,False,1.0,,0.0,True,,56.601968,56.614032,56.600984,56.613032,12.048,13.653340419527565,-10.0,43.45703125,42.96875,39.55078125,3.41796875,38.0859375,43.9453125,5.859375,-0.0307034004442106,1.0,3.90625,0.1497383117675781,Avisoft录制2.wav,,0,C,低频窄带或缓变型,-0.8217889481431099,0.9560848221552888
Avisoft录制2.wav,unlabeled,99,68,1,1,False,1.0,,0.0,True,,58.927472,58.932368,58.925976,58.93252,6.5440000000000005,13.609777005357053,-11.754265769098804,52.24609375,62.01171875,44.43359375,17.578125,43.9453125,57.6171875,13.671875,-2.837818204048778,1.0,6.34765625,0.1384051591157913,Avisoft录制2.wav,,1,A,短促宽带下降FM型,0.2320400190532232,-1.2635498341162896
Avisoft录制2.wav,unlabeled,72,49,1,3,True,1.0,52.6123046875,0.0,True,,58.086768,58.088592000000006,58.084824,58.08932,4.496,13.558137489001876,-10.611117567529234,47.8515625,63.96484375,53.22265625,10.7421875,44.921875,55.6640625,10.7421875,-3.827519777442231,0.9444444444444444,7.32421875,0.0725680589675903,Avisoft录制2.wav,,1,A,短促宽带下降FM型,0.1312829218687324,-1.1496324260711694
Avisoft录制2.wav,unlabeled,46,35,1,1,False,1.0,,0.0,True,,57.6188,57.621648,57.616728,57.622632,5.904000000000001,13.474681715453343,-10.0,47.36328125,47.8515625,43.45703125,4.39453125,42.96875,62.98828125,20.01953125,-2.9285123897414875,1.0,15.625,0.0758654996752739,Avisoft录制2.wav,,1,A,短促宽带下降FM型,-0.0509661125325978,-0.9521996470902911
Avisoft录制2.wav,unlabeled,36,27,1,1,False,1.0,,0.0,True,,56.834416,56.840336,56.833816,56.838504,4.688000000000001,13.46219831392566,-11.791072500188676,54.19921875,62.5,51.26953125,11.23046875,44.43359375,59.08203125,14.6484375,-3.801131485875264,1.0,6.8359375,0.1581805348396301,Avisoft录制2.wav,,1,A,短促宽带下降FM型,0.4150378499787065,-1.2634199270982496
Avisoft录制2.wav,unlabeled,66,45,1,3,True,1.0,49.8046875,0.0,True,,57.992560000000005,57.995408000000005,57.99036,57.994144,3.784,13.197177623561718,-10.0,45.41015625,59.08203125,42.96875,16.11328125,43.9453125,58.10546875,14.16015625,-4.822136472337685,0.9333333333333332,2.9296875,0.0649230182170867,Avisoft录制2.wav,,1,A,短促宽带下降FM型,-0.2814430648424036,-1.7029946023486964
Avisoft录制2.wav,unlabeled,11,9,1,2,True,0.8499999999999999,48.4619140625,0.0,True,,1.84792,1.849744,1.847824,1.850656,2.832,13.07671594214215,-11.327922703786264,48.33984375,50.29296875,45.8984375,4.39453125,42.48046875,50.29296875,7.8125,-1.383393178344247,1.0,0.9765625,0.0438745990395545,Avisoft录制2.wav,,0,C,低频窄带或缓变型,-0.5292214160893228,0.122512678876003
Avisoft录制2.wav,unlabeled,84,57,1,1,False,1.0,,0.0,True,,58.414448,58.417296,58.413144,58.41732,4.176,12.6438506482525,-10.94979256607331,47.8515625,69.3359375,43.45703125,25.87890625,43.9453125,63.4765625,19.53125,-6.942188038545494,1.0,3.90625,0.1104058548808097,Avisoft录制2.wav,,1,A,短促宽带下降FM型,0.3775689119282178,-3.106028821311348
Avisoft录制2.wav,unlabeled,110,75,1,3,True,1.0,53.955078125,0.0,True,,59.634032000000005,59.635856,59.632088,59.636512,4.424,12.61902955587847,-11.21922297310067,49.31640625,60.546875,49.31640625,11.23046875,44.43359375,58.10546875,13.671875,-3.1960110704438027,1.0,2.9296875,0.067871443927288,Avisoft录制2.wav,,1,A,短促宽带下降FM型,0.1407456961930125,-0.9591111380673096
Avisoft录制2.wav,unlabeled,26,18,1,1,False,1.0,,0.0,True,,56.452464,56.458384,56.452504,56.457704,5.2,12.57550907559999,-13.540556385184049,48.33984375,44.43359375,46.38671875,-1.953125,44.921875,59.5703125,14.6484375,-2.5779112706200937,1.0,18.06640625,0.1484047770500183,Avisoft录制2.wav,,1,A,短促宽带下降FM型,-0.112362491200725,-0.4302806249400334
Avisoft录制2.wav,unlabeled,58,41,2,3,True,0.7719995807092461,46.875,-1.234323450453564,True,,57.851248000000005,57.854096000000006,57.8516,57.854888,3.2880000000000003,12.57433992319578,-12.236001786094658,49.31640625,55.17578125,46.38671875,8.7890625,45.8984375,55.17578125,9.27734375,-3.530388204460465,1.0,2.44140625,0.058186337351799,Avisoft录制2.wav,,1,A,短促宽带下降FM型,-0.1369329691812415,-0.8046557838986108
Avisoft录制2.wav,unlabeled,92,63,1,3,True,1.0,51.3916015625,0.0,True,,58.561904000000006,58.565776,58.560984,58.56464,3.656,12.552066221943369,-10.027960407167935,46.875,56.15234375,47.8515625,8.30078125,44.43359375,54.6875,10.25390625,-2.899545754117926,1.0,1.46484375,0.0773628279566764,Avisoft录制2.wav,,1,A,短促宽带下降FM型,-0.1815617408609465,-0.5893350806706499
Avisoft录制2.wav,unlabeled,51,38,1,2,True,0.8772727272727272,51.513671875,0.0,True,,57.768304,57.774224,57.76744,57.772008,4.568,12.362636391768676,-12.33291146890846,48.828125,64.94140625,38.0859375,26.85546875,47.36328125,58.10546875,10.7421875,-6.222123859309344,0.9722222222222222,9.765625,0.0939553827047348,Avisoft录制2.wav,,1,A,短促宽带下降FM型,0.1079344053266445,-2.8845928041062927
Avisoft录制2.wav,unlabeled,80,53,1,1,False,1.0,,0.0,True,,58.192240000000005,58.195088000000005,58.190424,58.194344,3.92,12.31194983571966,-10.971026144902982,48.828125,58.59375,44.43359375,14.16015625,44.921875,56.15234375,11.23046875,-4.208472467237908,1.0,1.46484375,0.1161888241767883,Avisoft录制2.wav,,1,A,短促宽带下降FM型,-0.0743753369598497,-1.319094700731937
Avisoft录制2.wav,unlabeled,32,24,1,1,False,1.0,,0.0,True,,56.689008,56.695952000000005,56.688088,56.69284,4.752,12.265456268870476,-13.417228106157951,54.6875,70.80078125,42.48046875,28.3203125,47.36328125,61.5234375,14.16015625,-5.320707522149237,1.0,5.859375,0.1671884953975677,Avisoft录制2.wav,,1,A,短促宽带下降FM型,0.578679055170393,-2.6999357149506555
Avisoft录制2.wav,unlabeled,41,31,1,2,True,0.9653846153846152,51.26953125,0.0,True,,57.486704,57.490576,57.485776,57.490472,4.696,12.252609407086975,-12.583327478067137,51.26953125,67.87109375,49.31640625,18.5546875,48.828125,62.5,13.671875,-4.7144101781337575,0.945945945945946,6.34765625,0.0811158344149589,Avisoft录制2.wav,,1,A,短促宽带下降FM型,0.4816063390018446,-1.901473069506573
Avisoft录制2.wav,unlabeled,54,40,1,3,True,0.8200000000000001,53.7109375,0.0,True,,57.821552,57.826448,57.819608,57.823392,3.784,12.027041841571297,-10.734909886301502,48.33984375,58.59375,45.41015625,13.18359375,44.921875,57.12890625,12.20703125,-4.5024702701662696,0.9666666666666668,1.953125,0.0783284455537796,Avisoft录制2.wav,,1,A,短促宽带下降FM型,-0.1190070339645741,-1.365347861547879
Avisoft录制2.wav,unlabeled,23,16,1,2,True,0.964,50.048828125,0.0,True,,56.362352,56.366224,56.361432,56.365344,3.912,12.02097499792078,-10.756318260353446,46.38671875,55.17578125,42.96875,12.20703125,43.9453125,53.7109375,9.765625,-4.032679966517861,0.935483870967742,2.9296875,0.0875649601221084,Avisoft录制2.wav,,1,A,短促宽带下降FM型,-0.4646869844102665,-1.1154231385786977
Avisoft录制2.wav,unlabeled,63,43,2,2,True,0.8306922271285053,53.466796875,-2.7761610968960584,True,,57.90552,57.912464,57.906264,57.910944,4.68,11.971990847909904,-12.4855554288098,48.33984375,60.05859375,54.6875,5.37109375,45.41015625,57.12890625,11.71875,-1.3131674797741764,1.0,7.8125,0.0800230279564857,Avisoft录制2.wav,,1,A,短促宽带下降FM型,0.2387509954736624,-0.1927787199462582
Avisoft录制2.wav,unlabeled,33,25,1,2,True,0.7749999999999999,52.8564453125,0.0,True,,56.730992,56.736912,56.730392,56.7352,4.808,11.851240572859602,-11.35070293522064,53.7109375,62.01171875,48.33984375,13.671875,44.43359375,57.12890625,12.6953125,-4.296812158140272,0.9473684210526316,4.39453125,0.1358467042446136,Avisoft录制2.wav,,1,A,短促宽带下降FM型,0.1444728728233518,-1.3714976218271062
Avisoft录制2.wav,unlabeled,98,67,1,1,False,1.0,,0.0,True,,58.869104,58.870928000000006,58.866904,58.870568,3.664,11.678000866872935,-11.42099131496344,44.43359375,54.19921875,42.96875,11.23046875,42.48046875,53.22265625,10.7421875,-3.7169808824661343,1.0,1.953125,0.101548284292221,Avisoft录制2.wav,,1,A,短促宽带下降FM型,-0.4365354156451605,-1.0219708023307523
Avisoft录制2.wav,unlabeled,10,8,1,1,False,1.0,,0.0,True,,1.671792,1.67464,1.671128,1.675432,4.303999999999999,11.590302751742334,-10.0,47.8515625,38.57421875,51.7578125,-13.18359375,41.9921875,62.01171875,20.01953125,-3.001050606677333,1.0,24.90234375,0.0469626300036907,Avisoft录制2.wav,,1,A,短促宽带下降FM型,-0.1116744835625455,-0.2550259835666315
Avisoft录制2.wav,unlabeled,115,78,1,1,False,1.0,,0.0,True,,59.95864,59.963536000000005,59.95644,59.964968,8.528,11.5168220724152,-10.0,47.36328125,58.59375,38.57421875,20.01953125,39.0625,57.12890625,18.06640625,-2.8289775435832643,1.0,0.9765625,0.0753882527351379,Avisoft录制2.wav,,1,A,短促宽带下降FM型,-0.1520948264766118,-1.250337747769486
Avisoft录制2.wav,unlabeled,113,76,1,1,False,1.0,,0.0,True,,59.823472,59.827344,59.82204,59.827944,5.904000000000001,11.118672450258424,-11.170355626889116,47.36328125,61.03515625,43.9453125,17.08984375,43.45703125,58.59375,15.13671875,-2.5204879944242933,1.0,7.32421875,0.0830794721841812,Avisoft录制2.wav,,1,A,短促宽带下降FM型,0.0870527033213536,-1.2594576042758043
Avisoft录制2.wav,unlabeled,37,28,1,1,False,1.0,,0.0,True,,57.013616000000006,57.016464,57.012184,57.016424,4.24,11.099848101325678,-10.0,46.38671875,50.78125,53.22265625,-2.44140625,44.43359375,58.10546875,13.671875,-1.6849946210728537,1.0,7.8125,0.0991779193282127,Avisoft录制2.wav,,0,C,低频窄带或缓变型,-0.0608532352074364,0.1418498993068865
Avisoft录制2.wav,unlabeled,55,40,2,3,True,0.8066748738095664,64.208984375,-1.1992613571390256,True,,57.821552,57.826448,57.819792,57.827176,7.384,10.827780484432273,-10.734909886301502,46.875,68.359375,44.921875,23.4375,43.45703125,65.4296875,21.97265625,-4.303072383773705,0.9655172413793104,7.8125,0.0578833110630512,Avisoft录制2.wav,,1,A,短促宽带下降FM型,0.4434308781034853,-2.2555390125517945
Avisoft录制2.wav,unlabeled,107,74,1,3,True,0.8363636363636364,49.9267578125,0.0,True,,59.577712000000005,59.581584,59.578704,59.582248,3.544,10.658034123181205,-10.0,49.31640625,60.05859375,45.41015625,14.6484375,45.41015625,57.6171875,12.20703125,-5.206320542876819,1.0,2.9296875,0.0620706714689731,Avisoft录制2.wav,,1,A,短促宽带下降FM型,0.0492756558851786,-1.7164378956512465
Avisoft录制2.wav,unlabeled,97,66,1,1,False,1.0,,0.0,True,,58.679664,58.684560000000005,58.67836,58.682792,4.432,10.519748275369295,-10.0,47.36328125,56.640625,53.7109375,2.9296875,43.9453125,55.6640625,11.71875,-1.8261393913033968,1.0,8.7890625,0.1201224997639656,Avisoft录制2.wav,,1,A,短促宽带下降FM型,0.0584889222653166,-0.2199819750035467
Avisoft录制2.wav,unlabeled,16,11,1,3,True,0.97,52.24609375,0.0,True,,2.551408,2.553232,2.549208,2.554792,5.5840000000000005,10.45409281678756,-10.0,49.31640625,77.1484375,44.43359375,32.71484375,43.45703125,62.98828125,19.53125,-5.7408639962946975,1.0,6.8359375,0.032071303576231,Avisoft录制2.wav,,1,A,短促宽带下降FM型,0.6616259498049271,-3.256810044790261
Avisoft录制2.wav,unlabeled,86,59,1,3,True,0.9142857142857144,52.24609375,0.0,True,,58.448240000000006,58.452112,58.447184,58.451624,4.44,10.274888608673422,-10.0,46.875,65.91796875,45.8984375,20.01953125,43.9453125,64.94140625,20.99609375,-6.127412124295726,0.9714285714285714,3.41796875,0.0853330418467521,Avisoft录制2.wav,,1,A,短促宽带下降FM型,0.2848166319682124,-2.503411466775291
Avisoft录制2.wav,unlabeled,21,14,1,1,False,1.0,,0.0,True,,56.263024,56.265872,56.260824,56.267944,7.119999999999999,10.270751943374233,-10.0,50.78125,76.171875,43.9453125,32.2265625,43.45703125,73.2421875,29.78515625,-4.369692694871944,1.0,5.859375,0.066413514316082,Avisoft录制2.wav,,1,A,短促宽带下降FM型,0.9533598951771568,-3.0007032240225784
Avisoft录制2.wav,unlabeled,95,64,1,1,False,1.0,,0.0,True,,58.611056000000005,58.614928000000006,58.60988,58.614952,5.072,10.24485336744199,-10.0,45.41015625,57.12890625,45.41015625,11.71875,43.45703125,57.6171875,14.16015625,-2.1868306745060364,1.0,3.41796875,0.0973246693611145,Avisoft录制2.wav,,1,A,短促宽带下降FM型,-0.1191150960970241,-0.7120962138015839
Avisoft录制2.wav,unlabeled,24,16,2,2,True,0.9436277297578428,53.466796875,-1.8335043217941456,True,,56.362352,56.366224,56.361432,56.36612,4.688000000000001,10.187470676126631,-10.756318260353446,49.31640625,59.08203125,44.43359375,14.6484375,45.8984375,60.546875,14.6484375,-4.116761961385731,1.0,5.37109375,0.0649986192584037,Avisoft录制2.wav,,1,A,短促宽带下降FM型,0.1427678302309185,-1.50654678168436
Avisoft录制2.wav,unlabeled,1,1,1,1,False,1.0,,0.0,True,,0.271984,0.274832,0.269848,0.274088,4.24,10.15964042984544,-13.414118013058284,49.8046875,81.0546875,52.734375,28.3203125,44.921875,64.94140625,20.01953125,-7.088517669141525,1.0,11.23046875,0.0621664561331272,Avisoft录制2.wav,,1,A,短促宽带下降FM型,1.0141284735175873,-3.5917913927744767
Avisoft录制2.wav,unlabeled,71,48,1,1,False,1.0,,0.0,True,,58.042736000000005,58.046608000000006,58.040536,58.048488,7.952000000000001,10.096636727590134,-10.0,47.8515625,49.8046875,44.921875,4.8828125,42.96875,61.03515625,18.06640625,-0.6282750728859153,1.0,12.6953125,0.0730293467640876,Avisoft录制2.wav,,1,A,短促宽带下降FM型,0.0062823087431016,-0.1140045199907303
Avisoft录制2.wav,unlabeled,78,52,1,2,True,0.7883138020833333,55.17578125,0.0,True,,58.158448,58.163344,58.156952,58.161128,4.176,10.052718284063287,-11.33715188501013,47.8515625,61.03515625,43.9453125,17.08984375,43.45703125,58.10546875,14.6484375,-5.338281233680434,1.0,6.8359375,0.0970785990357399,Avisoft录制2.wav,,1,A,短促宽带下降FM型,0.0510165663309869,-2.0776920659170126
Avisoft录制2.wav,unlabeled,70,47,1,1,False,1.0,,0.0,True,,58.029424000000006,58.033296,58.028632,58.032872,4.24,9.995777938190296,-11.654462842247684,48.33984375,59.5703125,53.22265625,6.34765625,45.41015625,59.08203125,13.671875,-2.53419460824102,1.0,5.859375,0.1056246384978294,Avisoft录制2.wav,,1,A,短促宽带下降FM型,0.2277965837212971,-0.5865800181391638
Avisoft录制2.wav,unlabeled,13,10,1,3,True,0.9181818181818182,46.875,0.0,True,,2.500208,2.50408,2.498968,2.502888,3.92,9.899353943132708,-10.39748984576104,45.8984375,62.98828125,44.43359375,18.5546875,41.9921875,49.8046875,7.8125,-3.631653324250264,1.0,15.13671875,0.0412129983305931,Avisoft录制2.wav,,1,A,短促宽带下降FM型,-0.1251146953602655,-1.841496535203284
Avisoft录制2.wav,unlabeled,4,4,1,1,False,1.0,,0.0,True,,0.410224,0.412048,0.40828,0.412776,4.496,9.669359794353928,-10.0,47.36328125,46.38671875,47.36328125,-0.9765625,42.48046875,62.01171875,19.53125,-0.7035342576114023,1.0,14.16015625,0.0468021742999553,Avisoft录制2.wav,,0,C,低频窄带或缓变型,-0.1375155472484897,-0.0206322231178051
Avisoft录制2.wav,unlabeled,7,7,1,3,True,0.955,48.828125,0.0,True,,1.362544,1.3674399999999998,1.363024,1.366888,3.864,9.659738616499038,-10.0,47.8515625,52.24609375,46.38671875,5.859375,45.41015625,62.01171875,16.6015625,-2.679517192225308,1.0,7.8125,0.0374801568686962,Avisoft录制2.wav,,1,A,短促宽带下降FM型,-0.0124648225763152,-0.7304947246276081
Avisoft录制2.wav,unlabeled,90,61,1,1,False,1.0,,0.0,True,,58.505584,58.509456,58.505112,58.509352,4.24,9.392443946443375,-10.0,46.875,56.640625,48.828125,7.8125,43.45703125,55.17578125,11.71875,-1.6377844639276151,1.0,5.859375,0.0928695648908615,Avisoft录制2.wav,,1,A,短促宽带下降FM型,-0.1075101245913076,-0.3797431328765771
Avisoft录制2.wav,unlabeled,105,72,1,1,False,1.0,,0.0,True,,59.450736000000006,59.454608,59.449176,59.454504,5.328,9.356144126020173,-11.105748887456397,48.828125,56.640625,45.8984375,10.7421875,44.921875,62.01171875,17.08984375,-0.7452584966714055,1.0,15.13671875,0.0882089734077453,Avisoft录制2.wav,,1,A,短促宽带下降FM型,0.1973838321639794,-0.711523465417274
Avisoft录制2.wav,unlabeled,44,33,1,1,False,1.0,,0.0,True,,57.558384,57.560208,57.556184,57.56228,6.096,9.318186902838006,-10.0,48.828125,61.03515625,48.33984375,12.6953125,42.96875,62.01171875,19.04296875,-1.5421116605718084,1.0,11.71875,0.0673679411411285,Avisoft录制2.wav,,1,A,短促宽带下降FM型,0.321597634321624,-0.9620249536809904
Avisoft录制2.wav,unlabeled,83,56,1,1,False,1.0,,0.0,True,,58.348912000000006,58.353808,58.34716,58.35268,5.52,9.195155947627278,-10.0,47.36328125,57.12890625,46.875,10.25390625,42.96875,62.01171875,19.04296875,-2.0232143496190025,1.0,11.23046875,0.091324858367443,Avisoft录制2.wav,,1,A,短促宽带下降FM型,0.1460028380166722,-0.9436145641430628
Avisoft录制2.wav,unlabeled,8,7,2,3,True,0.886110281086111,45.8984375,-0.6072175593928596,True,,1.362544,1.3674399999999998,1.361176,1.366888,5.712,9.052521057106178,-10.0,47.8515625,62.5,41.50390625,20.99609375,42.48046875,59.08203125,16.6015625,-4.0569481328227965,1.0,6.8359375,0.036701276898384,Avisoft录制2.wav,,1,A,短促宽带下降FM型,0.087016272128584,-1.9516332413901425
Avisoft录制2.wav,unlabeled,61,42,2,2,True,0.7505976503037137,53.22265625,-7.525158841086821,True,,57.861488,57.864336,57.8598,57.863456,3.656,8.92786559672744,-13.575716288037324,46.38671875,65.91796875,43.45703125,22.4609375,43.45703125,64.94140625,21.484375,-7.969522711091447,1.0,10.7421875,0.0498213581740856,Avisoft录制2.wav,,1,A,短促宽带下降FM型,0.3500376728924,-3.4761905340744503
Avisoft录制2.wav,unlabeled,108,74,2,3,True,0.8166396632857575,51.8798828125,-1.7751575770090948,True,,59.577712000000005,59.581584,59.577552,59.58192,4.368,8.882876546172108,-10.0,46.875,65.4296875,38.57421875,26.85546875,44.921875,60.05859375,15.13671875,-6.356978798932569,0.9428571428571428,6.8359375,0.0418123602867126,Avisoft录制2.wav,,1,A,短促宽带下降FM型,-0.0141733745927355,-2.933174697333015
Avisoft录制2.wav,unlabeled,2,2,1,1,False,1.0,,0.0,True,,0.3231839999999999,0.327056,0.322456,0.327656,5.2,8.46630170855791,-10.0,49.31640625,62.98828125,44.43359375,18.5546875,43.45703125,60.05859375,16.6015625,-2.0635252630253644,1.0,9.27734375,0.0539185106754303,Avisoft录制2.wav,,1,A,短促宽带下降FM型,0.2109400199955092,-1.366097555664621
Avisoft录制2.wav,unlabeled,12,9,2,2,True,0.7965218562790778,56.396484375,-4.813032934882989,True,,1.84792,1.849744,1.847128,1.851048,3.92,8.26368300725916,-11.327922703786264,55.17578125,56.640625,44.43359375,12.20703125,43.9453125,64.453125,20.5078125,-3.860842797064025,1.0,7.8125,0.0292934104800224,Avisoft录制2.wav,,1,A,短促宽带下降FM型,0.270722573301347,-1.536808691501772
Avisoft录制2.wav,unlabeled,3,3,1,1,False,1.0,,0.0,True,,0.371312,0.377232,0.370904,0.37732,6.416,8.258364309445874,-13.308295976755076,48.33984375,80.078125,49.8046875,30.2734375,44.43359375,65.91796875,21.484375,-4.14369332844316,1.0,12.20703125,0.0605682209134101,Avisoft录制2.wav,,1,A,短促宽带下降FM型,0.9707320599804132,-2.8784779086430663
Avisoft录制2.wav,unlabeled,38,29,1,1,False,1.0,,0.0,True,,57.113968,57.118864,57.113432,57.118056,4.624,8.183570479883096,-10.0,46.875,61.5234375,52.734375,8.7890625,43.9453125,56.640625,12.6953125,-1.58719623071879,1.0,7.32421875,0.1146064922213554,Avisoft录制2.wav,,1,A,短促宽带下降FM型,0.1603502511592122,-0.4993236462104893
Avisoft录制2.wav,unlabeled,106,73,1,1,False,1.0,,0.0,True,,59.525488,59.528336,59.523416,59.52868,5.263999999999999,7.975366645330325,-10.0,49.31640625,66.89453125,51.7578125,15.13671875,44.43359375,63.96484375,19.53125,-4.06816552247716,1.0,4.8828125,0.0891348794102668,Avisoft录制2.wav,,1,A,短促宽带下降FM型,0.5510711409962994,-1.6339314047133848
Avisoft录制2.wav,unlabeled,73,49,2,3,True,0.9375350311771988,47.119140625,-5.621847194052108,True,,58.086768,58.088592000000006,58.085648,58.08848,2.832,7.936290294949768,-10.611117567529234,48.828125,48.828125,42.48046875,6.34765625,42.96875,50.29296875,7.32421875,-2.8635000253652785,0.9130434782608696,2.44140625,0.0529588237404823,Avisoft录制2.wav,,0,C,低频窄带或缓变型,-0.7907000752941447,-0.3688890812439407
Avisoft录制2.wav,unlabeled,85,58,1,1,False,1.0,,0.0,True,,58.430832,58.437776,58.432728,58.437992,5.263999999999999,7.812272201321303,-10.0,48.33984375,55.6640625,45.41015625,10.25390625,43.45703125,57.12890625,13.671875,-1.940577703070556,1.0,4.39453125,0.0968877896666526,Avisoft录制2.wav,,1,A,短促宽带下降FM型,-0.087544358992184,-0.5540239578261951
Avisoft录制2.wav,unlabeled,5,5,1,1,False,1.0,,0.0,True,,0.428656,0.433552,0.427288,0.431784,4.496,7.771581011663304,-13.485829273776355,48.33984375,80.078125,55.6640625,24.4140625,44.43359375,64.94140625,20.5078125,-6.690203299700356,1.0,11.71875,0.0758470147848129,Avisoft录制2.wav,,1,A,短促宽带下降FM型,1.0161860723452223,-3.26167162988022
Avisoft录制2.wav,unlabeled,81,54,1,1,False,1.0,,0.0,True,,58.205552,58.212496,58.209368,58.213096,3.728,7.751251356592562,-10.672065926777808,47.8515625,48.33984375,44.921875,3.41796875,43.9453125,58.10546875,14.16015625,-2.8582648255005645,1.0,9.27734375,0.0785784944891929,Avisoft录制2.wav,,1,A,短促宽带下降FM型,-0.249520041181855,-0.6116854492632189
Avisoft录制2.wav,unlabeled,6,6,1,1,False,1.0,,0.0,True,,0.8505440000000001,0.8585119999999999,0.848344,0.860712,12.368,7.506029056647021,-10.0,34.66796875,41.50390625,37.59765625,3.90625,34.1796875,47.36328125,13.18359375,-0.4175460240777198,1.0,0.48828125,0.0394772812724113,Avisoft录制2.wav,,0,C,低频窄带或缓变型,-1.0916372879067258,0.7432655310072783
Avisoft录制2.wav,unlabeled,52,38,2,2,True,0.822690557484018,48.4619140625,-4.912395280983841,True,,57.768304,57.774224,57.76808,57.772008,3.928,7.450241110784834,-12.33291146890846,44.43359375,64.94140625,48.828125,16.11328125,41.9921875,61.5234375,19.53125,-6.515112549099708,0.967741935483871,8.30078125,0.0608212240040302,Avisoft录制2.wav,,1,A,短促宽带下降FM型,0.1657336660673349,-2.526906970332481
Avisoft录制2.wav,unlabeled,79,52,2,2,True,0.7554689883668381,52.734375,-2.9560332344845826,True,,58.158448,58.163344,58.156952,58.159968,3.016,7.096685049578705,-11.33715188501013,52.24609375,52.24609375,51.7578125,0.48828125,51.26953125,58.59375,7.32421875,-1.9023729407268968,1.0,5.37109375,0.0631701573729515,Avisoft录制2.wav,,1,A,短促宽带下降FM型,0.1456688332324991,0.1095443041138637
Avisoft录制2.wav,unlabeled,19,12,1,1,False,1.0,,0.0,True,,2.696816,2.707856,2.694616,2.708456,13.84,7.022531170245469,-10.0,44.43359375,42.96875,31.73828125,11.23046875,32.2265625,52.734375,20.5078125,-0.0203266697037752,1.0,23.4375,0.0454592555761337,Avisoft录制2.wav,,1,A,短促宽带下降FM型,-0.5818586159402375,-0.4821509724243829
Avisoft录制2.wav,unlabeled,114,77,1,1,False,1.0,,0.0,True,,59.878768,59.881616,59.876824,59.882472,5.648000000000001,6.99592173479887,-10.0,46.38671875,57.12890625,44.921875,12.20703125,44.43359375,60.546875,16.11328125,-2.0194273535284912,1.0,7.32421875,0.0846811905503273,Avisoft录制2.wav,,1,A,短促宽带下降FM型,0.0422355666796838,-0.8479733578707828
Avisoft录制2.wav,unlabeled,111,75,2,3,True,0.9124890272405044,59.08203125,-5.744408600986174,True,,59.634032000000005,59.635856,59.632656,59.636384,3.728,6.874620954892296,-11.21922297310067,54.19921875,74.21875,50.78125,23.4375,51.26953125,63.96484375,12.6953125,-6.827619079690071,0.9333333333333332,4.39453125,0.0363175496459007,Avisoft录制2.wav,,1,A,短促宽带下降FM型,0.7500375090420958,-2.7328178520234934
Avisoft录制2.wav,unlabeled,109,74,3,3,True,0.7733211812508454,42.724609375,-3.832911869242108,True,,59.577712000000005,59.581584,59.576344,59.582248,5.904000000000001,6.825122253939095,-10.0,47.36328125,41.9921875,41.9921875,0.0,41.9921875,54.19921875,12.20703125,-1.3656686788130183,1.0,9.27734375,0.0420838929712772,Avisoft录制2.wav,,0,C,低频窄带或缓变型,-0.5415639457178627,0.1778652296160136
Avisoft录制2.wav,unlabeled,104,71,1,1,False,1.0,,0.0,True,,59.31864,59.320464,59.31644,59.31908,2.64,6.797112346061837,-10.0,45.41015625,53.7109375,43.45703125,10.25390625,42.48046875,53.7109375,11.23046875,-4.250662667410712,1.0,1.953125,0.0896893516182899,Avisoft录制2.wav,,1,A,短促宽带下降FM型,-0.43622256883671,-1.1649301298987274
Avisoft录制2.wav,unlabeled,22,15,1,1,False,1.0,,0.0,True,,56.316272000000005,56.319120000000005,56.315608,56.32004,4.432,6.767076691137239,-10.0,46.875,56.640625,45.41015625,11.23046875,43.45703125,60.546875,17.08984375,-2.159524698551297,1.0,3.90625,0.0806669071316719,Avisoft录制2.wav,,1,A,短促宽带下降FM型,-0.0433089318765677,-0.7918420022129948
Avisoft录制2.wav,unlabeled,42,31,2,2,True,0.9044019218923448,44.189453125,-5.488442414304341,True,,57.486704,57.490576,57.487952,57.490472,2.52,6.764166992782634,-12.583327478067137,44.921875,44.921875,42.96875,1.953125,41.9921875,46.38671875,4.39453125,-1.1967677696078431,0.9,0.9765625,0.0576579421758651,Avisoft录制2.wav,,0,C,低频窄带或缓变型,-1.1572882856634654,0.4741634247208446
Avisoft录制2.wav,unlabeled,76,50,2,2,True,0.7064740054848591,57.373046875,-8.417339506362689,True,,58.100080000000005,58.107024,58.098904,58.103456,4.552,6.504000380945213,-14.379089366842344,48.828125,80.56640625,41.50390625,39.0625,43.45703125,66.89453125,23.4375,-9.271138116352953,1.0,7.8125,0.0743203908205032,Avisoft录制2.wav,,1,A,短促宽带下降FM型,0.7887203447440557,-4.801193109526888
Avisoft录制2.wav,unlabeled,56,40,3,3,True,0.7520271970636446,54.443359375,-5.749370446090171,True,,57.821552,57.826448,57.820432,57.824928,4.496,6.277671395481126,-10.734909886301502,47.36328125,62.5,45.8984375,16.6015625,45.8984375,61.5234375,15.625,-4.766768768054095,0.9722222222222222,4.8828125,0.0487181767821311,Avisoft录制2.wav,,1,A,短促宽带下降FM型,0.1633444593522434,-1.8186326721268216
Avisoft录制2.wav,unlabeled,14,10,2,3,True,0.8364179961661035,57.12890625,-3.676925799596144,True,,2.500208,2.50408,2.498968,2.5016,2.632,6.222428143536564,-10.39748984576104,53.22265625,60.05859375,51.7578125,8.30078125,51.26953125,60.05859375,8.7890625,-4.305158342633936,1.0,5.859375,0.0310639068484306,Avisoft录制2.wav,,1,A,短促宽带下降FM型,0.4121537189400659,-1.1205437781972138
Avisoft录制2.wav,unlabeled,74,49,3,3,True,0.8163935503428981,57.9833984375,-7.524580469139176,True,,58.086768,58.088592000000006,58.084824,58.088224,3.4,6.0335570198627,-10.611117567529234,54.19921875,60.05859375,56.640625,3.41796875,51.26953125,60.546875,9.27734375,-1.1364910046550705,1.0,5.37109375,0.0364983417093753,Avisoft录制2.wav,,1,A,短促宽带下降FM型,0.5273178014706401,0.0829116930153787
Avisoft录制2.wav,unlabeled,17,11,2,3,True,0.9183183754963976,47.7294921875,-4.458489062467051,True,,2.551408,2.553232,2.549208,2.551712,2.504,5.99560375432051,-10.0,45.41015625,50.29296875,43.9453125,6.34765625,42.96875,53.22265625,10.25390625,-3.6139237253289465,0.95,3.41796875,0.0262676421552896,Avisoft录制2.wav,,1,A,短促宽带下降FM型,-0.6326068325372058,-0.7364386416984959
Avisoft录制2.wav,unlabeled,48,36,2,3,True,0.8860353772555358,49.1943359375,-8.231816047001777,True,,57.656688,57.659536,57.655192,57.659816,4.624,5.775621283267357,-12.92351559066763,47.36328125,45.8984375,51.26953125,-5.37109375,44.921875,55.17578125,10.25390625,1.0845707912071028,0.945945945945946,5.859375,0.0293754432350397,Avisoft录制2.wav,,0,C,低频窄带或缓变型,-0.4302657288261645,1.304262772311161
Avisoft录制2.wav,unlabeled,96,65,1,1,False,1.0,,0.0,True,,58.65816,58.661008,58.65596,58.660072,4.112,5.582735209944669,-10.0,46.38671875,64.453125,68.359375,-3.90625,43.45703125,62.98828125,19.53125,-2.8699477088642555,1.0,23.4375,0.0714673474431037,Avisoft录制2.wav,,1,A,短促宽带下降FM型,0.8310858454750687,-0.8317067108944806
Avisoft录制2.wav,unlabeled,93,63,2,3,True,0.7402821587392416,59.08203125,-7.526779626511743,True,,58.561904000000006,58.565776,58.561296,58.565288,3.992,5.025286595431625,-10.027960407167935,59.08203125,71.2890625,47.36328125,23.92578125,46.875,67.87109375,20.99609375,-5.337499803112378,1.0,5.37109375,0.0377178378403186,Avisoft录制2.wav,,1,A,短促宽带下降FM型,0.90439064023884,-2.6206982630755764
Avisoft录制2.wav,unlabeled,87,59,2,3,True,0.8545438075660529,52.978515625,-5.376771604769532,True,,58.448240000000006,58.452112,58.446744,58.450784,4.04,4.89811700390389,-10.0,46.38671875,81.54296875,42.48046875,39.0625,41.9921875,75.1953125,33.203125,-11.785289059636163,1.0,15.13671875,0.0505598448216915,Avisoft录制2.wav,,1,A,短促宽带下降FM型,1.0435082065026349,-6.020198107262743
Avisoft录制2.wav,unlabeled,34,25,2,2,True,0.6918084714819162,54.19921875,-7.487237566627545,True,,56.730992,56.736912,56.731984,56.73668,4.696,4.364003006232057,-11.35070293522064,45.41015625,68.84765625,42.48046875,26.3671875,43.9453125,61.5234375,17.578125,-6.1737217651524245,0.972972972972973,5.37109375,0.0662115514278411,Avisoft录制2.wav,,1,A,短促宽带下降FM型,0.2006894723775373,-2.888324635417436
Avisoft录制2.wav,unlabeled,101,69,2,3,True,0.8060061588325556,52.1240234375,-9.865695705069992,True,,58.986864,58.99176,58.988304,58.991336,3.032,4.359141259576365,-11.082757735658358,54.19921875,59.08203125,50.78125,8.30078125,50.78125,57.12890625,6.34765625,-2.7681433636209203,1.0,2.44140625,0.043065421283245,Avisoft录制2.wav,,1,A,短促宽带下降FM型,0.2712216262812177,-0.4995140733137449
Avisoft录制2.wav,unlabeled,67,45,2,3,True,0.844573953519347,52.490234375,-9.12834418325876,True,,57.992560000000005,57.995408000000005,57.99036,57.996072,5.712,4.0688334403029565,-10.0,47.8515625,60.05859375,45.8984375,14.16015625,44.43359375,53.7109375,9.27734375,-3.317630652225378,1.0,6.8359375,0.041265282779932,Avisoft录制2.wav,,1,A,短促宽带下降FM型,0.0046304788059569,-1.1326365733753538
Avisoft录制3.wav,unlabeled,39,39,1,1,False,1.0,,0.0,True,,59.1036,59.134096,59.104216,59.133544,29.328,38.98452589333405,-10.0,81.54296875,73.73046875,70.80078125,2.9296875,81.0546875,82.03125,0.9765625,-0.0219292019288906,1.0,3.41796875,0.2616945505142212,Avisoft录制3.wav,,3,B,高频窄带或CF型,3.772950324946713,2.0286679370857783
Avisoft录制3.wav,unlabeled,40,40,1,1,False,1.0,,0.0,True,,59.140464,59.157648,59.139288,59.157224,17.936,35.44752432623652,-24.0,81.54296875,76.66015625,71.2890625,5.37109375,80.56640625,82.03125,1.46484375,-0.1254075678973417,0.9574468085106383,2.44140625,0.1289456635713577,Avisoft录制3.wav,,3,B,高频窄带或CF型,3.303820890428352,1.3333115359866818
Avisoft录制3.wav,unlabeled,35,35,1,1,False,1.0,,0.0,True,,58.797424,58.835088,58.796504,58.834856,38.352,31.24778398516213,-10.0,81.54296875,80.078125,73.2421875,6.8359375,81.0546875,82.03125,0.9765625,-0.0224484712699038,1.0,3.41796875,0.1127073392271995,Avisoft录制3.wav,,3,B,高频窄带或CF型,4.312716837448932,2.20631134659122
Avisoft录制3.wav,unlabeled,26,26,1,1,False,1.0,,0.0,True,,56.291696,56.309904,56.289816,56.31012,20.304,25.983829475730147,-10.0,81.54296875,80.078125,72.265625,7.8125,81.0546875,82.03125,0.9765625,-0.0927936270608792,1.0,2.9296875,0.0679448172450065,Avisoft录制3.wav,,3,B,高频窄带或CF型,3.610548568204688,1.2625229692424746
Avisoft录制3.wav,unlabeled,36,36,1,1,False,1.0,,0.0,True,,58.951024,58.972304,58.949784,58.97316,23.376,23.723294760307564,-10.0,81.54296875,72.75390625,69.3359375,3.41796875,81.0546875,82.03125,0.9765625,0.0123963394901379,0.994535519125683,7.32421875,0.0703285038471221,Avisoft录制3.wav,,3,B,高频窄带或CF型,3.5204420064104287,1.590948990640479
Avisoft录制3.wav,unlabeled,23,23,1,1,False,1.0,,0.0,True,,56.19032,56.207504,56.18812,56.20868,20.56,22.253818735383376,-10.0,81.54296875,81.54296875,74.21875,7.32421875,81.0546875,82.03125,0.9765625,-0.0898169462012255,1.0,5.37109375,0.0392883419990539,Avisoft录制3.wav,,3,B,高频窄带或CF型,3.717113127145476,1.2168844997134798
Avisoft录制3.wav,unlabeled,38,38,1,1,False,1.0,,0.0,True,,59.025776,59.052176,59.025304,59.050216,24.912,20.791487611392817,-10.0,81.54296875,73.2421875,81.54296875,-8.30078125,81.0546875,82.03125,0.9765625,0.0879203478932575,1.0,2.9296875,0.0919756591320037,Avisoft录制3.wav,,3,B,高频窄带或CF型,3.800669435169432,2.550606290758477
Avisoft录制3.wav,unlabeled,34,34,1,1,False,1.0,,0.0,True,,58.720624,58.754192,58.719768,58.753896,34.128,20.641746815593127,-10.0,81.54296875,81.54296875,70.80078125,10.7421875,81.0546875,82.03125,0.9765625,-0.0409305584712691,1.0,4.39453125,0.0594902373850345,Avisoft录制3.wav,,3,B,高频窄带或CF型,4.150358540832383,1.7164494535286294
Avisoft录制3.wav,unlabeled,27,27,1,1,False,1.0,,0.0,True,,56.348016,56.378512,56.3478,56.378216,30.416,17.04418774677658,-10.0,81.54296875,81.0546875,71.2890625,9.765625,81.0546875,82.03125,0.9765625,-0.0400512491086783,1.0,3.41796875,0.076711282134056,Avisoft录制3.wav,,3,B,高频窄带或CF型,3.999232853830164,1.630543218681999
Avisoft录制3.wav,unlabeled,12,12,1,1,False,1.0,,0.0,True,,3.02552,3.053968,3.024344,3.052072,27.728,16.091041138182593,-10.0,81.54296875,72.265625,81.54296875,-9.27734375,81.0546875,82.03125,0.9765625,0.0864971782612655,0.9953917050691244,6.34765625,0.0687879920005798,Avisoft录制3.wav,,3,B,高频窄带或CF型,3.904799869822303,2.637461219138042
Avisoft录制3.wav,unlabeled,42,42,1,1,False,1.0,,0.0,True,,59.365744,59.369616,59.363544,59.371432,7.887999999999999,15.215285024001982,-10.0,81.54296875,81.54296875,77.63671875,3.90625,80.078125,82.03125,1.953125,-0.3095100750382394,1.0,2.44140625,0.0278322119265794,Avisoft录制3.wav,,3,B,高频窄带或CF型,3.2646519770545286,0.8219934884890278
Avisoft录制3.wav,unlabeled,33,33,1,1,False,1.0,,0.0,True,,58.579312,58.591376,58.577112,58.593576,16.464,14.497169453791658,-10.0,81.54296875,81.54296875,73.73046875,7.8125,81.0546875,82.03125,0.9765625,-0.119379893185199,1.0,1.953125,0.0318653397262096,Avisoft录制3.wav,,3,B,高频窄带或CF型,3.520987665189138,1.0958386507997078
Avisoft录制3.wav,unlabeled,28,28,1,1,False,1.0,,0.0,True,,56.386928000000005,56.40104,56.385752,56.398952,13.2,13.884750802467575,-11.10433940438826,81.54296875,79.58984375,81.0546875,-1.46484375,80.56640625,82.03125,1.46484375,0.0303205959979802,1.0,0.48828125,0.0906904637813568,Avisoft录制3.wav,,3,B,高频窄带或CF型,3.470945195348866,1.5905121050383806
Avisoft录制3.wav,unlabeled,30,30,1,1,False,1.0,,0.0,True,,56.93784,56.970384,56.937176,56.95332,16.144,11.80305963893546,-11.93913694633594,82.03125,70.3125,82.03125,-11.71875,81.54296875,82.03125,0.48828125,0.3066722668196134,1.0,8.7890625,0.1478877961635589,Avisoft录制3.wav,,3,B,高频窄带或CF型,3.4833147835691305,2.216138780840254
Avisoft录制3.wav,unlabeled,24,24,1,1,False,1.0,,0.0,True,,56.216944000000005,56.231056,56.21532,56.231528,16.208,11.631748452850427,-10.0,81.54296875,79.1015625,81.0546875,-1.953125,80.078125,82.03125,1.953125,0.0134540667996934,1.0,0.48828125,0.0415448956191539,Avisoft录制3.wav,,3,B,高频窄带或CF型,3.5638249208466304,1.7513711170801292
Avisoft录制3.wav,unlabeled,37,37,1,1,False,1.0,,0.0,True,,58.981744000000006,58.989712,58.981144,58.991464,10.32,11.087659216037585,-10.0,81.54296875,81.54296875,81.54296875,0.0,81.0546875,82.03125,0.9765625,-4.713322982169761e-16,1.0,0.0,0.0378768816590309,Avisoft录制3.wav,,3,B,高频窄带或CF型,3.42351166253592,1.37452667625474
Avisoft录制3.wav,unlabeled,14,14,1,1,False,1.0,,0.0,True,,3.167856,3.1881120000000003,3.16604,3.190312,24.272,10.17089482072441,-10.0,81.0546875,66.89453125,81.0546875,-14.16015625,76.66015625,81.54296875,4.8828125,0.1843519232130845,1.0,4.8828125,0.0331201963126659,Avisoft录制3.wav,,3,B,高频窄带或CF型,3.5296698372048887,2.753567568663512
Avisoft录制3.wav,unlabeled,25,25,1,1,False,1.0,,0.0,True,,56.264048,56.283280000000005,56.263256,56.283752,20.496,10.08012965089622,-10.0,81.54296875,81.54296875,81.0546875,0.48828125,81.0546875,82.03125,0.9765625,-0.0293320119860859,1.0,1.46484375,0.0475640669465065,Avisoft录制3.wav,,3,B,高频窄带或CF型,3.8112042843473786,1.7834641730938088
Avisoft录制3.wav,unlabeled,13,13,1,1,False,1.0,,0.0,True,,3.060336,3.068304,3.058136,3.06916,11.024,9.599089364966336,-10.0,81.54296875,81.54296875,78.61328125,2.9296875,80.56640625,81.54296875,0.9765625,-0.1357127845465467,1.0,1.46484375,0.0277710575610399,Avisoft录制3.wav,,3,B,高频窄带或CF型,3.386780394363221,1.1413577617974495
Avisoft录制3.wav,unlabeled,44,44,1,1,False,1.0,,0.0,True,,59.465072000000006,59.472016,59.462872,59.474216,11.344,9.395344926823787,-10.0,80.56640625,81.0546875,80.56640625,0.48828125,80.56640625,81.0546875,0.48828125,-0.0178590695956236,1.0,0.48828125,0.0269943606108427,Avisoft录制3.wav,,3,B,高频窄带或CF型,3.3805071933175395,1.3839375346244012
Avisoft录制3.wav,unlabeled,19,19,1,1,False,1.0,,0.0,True,,3.736176,3.744144,3.734808,3.743656,8.848,8.810592375547026,-10.0,65.4296875,86.9140625,61.5234375,25.390625,63.4765625,85.9375,22.4609375,-0.914112391741757,1.0,21.484375,0.0284278858453035,Avisoft录制3.wav,,1,A,短促宽带下降FM型,2.7408016728995266,-1.8767496287984191
Avisoft录制3.wav,unlabeled,15,15,1,1,False,1.0,,0.0,True,,3.1996,3.212688,3.1974,3.214888,17.488,8.794672292271926,-10.0,81.0546875,81.0546875,80.56640625,0.48828125,20.99609375,81.54296875,60.546875,-0.004735702357125,1.0,0.48828125,0.022860188037157,Avisoft录制3.wav,,2,D,复杂、中间或混合声型,2.558969467456156,0.0618034695293696
Avisoft录制3.wav,unlabeled,31,31,1,1,False,1.0,,0.0,True,,56.999280000000006,57.006224,56.997592,57.008424,10.832,8.59547165986853,-10.0,81.54296875,81.54296875,81.54296875,0.0,80.56640625,82.03125,1.46484375,-0.0109587746344989,1.0,0.48828125,0.0332889072597026,Avisoft录制3.wav,,3,B,高频窄带或CF型,3.4387734973713298,1.3666128861053024
Avisoft录制3.wav,unlabeled,17,17,1,1,False,1.0,,0.0,True,,3.477104,3.511696,3.474904,3.513576,38.672,8.364511403644066,-10.0,81.0546875,81.0546875,80.56640625,0.48828125,63.96484375,81.54296875,17.578125,-0.0310602630408502,1.0,14.6484375,0.0239920038729906,Avisoft录制3.wav,,3,B,高频窄带或CF型,4.26815577516709,1.7692305350828426
Avisoft录制3.wav,unlabeled,22,22,1,1,False,1.0,,0.0,True,,56.030976,56.048784000000005,56.030976,56.05076,19.784,8.344722012020494,-10.0,81.54296875,81.54296875,81.54296875,0.0,81.0546875,82.03125,0.9765625,-0.021783518271046,1.0,7.8125,0.0389892756938934,Avisoft录制3.wav,,3,B,高频窄带或CF型,3.854752172383813,1.563429910688768
Avisoft录制3.wav,unlabeled,41,41,1,1,False,1.0,,0.0,True,,59.327856,59.335824,59.326168,59.337256,11.088,7.554854215556214,-10.0,81.54296875,73.73046875,80.56640625,-6.8359375,80.56640625,82.03125,1.46484375,0.2112864509410665,1.0,6.8359375,0.0374456606805324,Avisoft录制3.wav,,3,B,高频窄带或CF型,3.3000126851423817,1.670250690254444
Avisoft录制3.wav,unlabeled,29,29,1,1,False,1.0,,0.0,True,,56.878448000000006,56.917136,56.877848,56.900072,22.224,7.493729187149125,-10.0,81.54296875,79.1015625,81.0546875,-1.953125,81.0546875,82.03125,0.9765625,0.1138923766893495,1.0,7.8125,0.0844325348734855,Avisoft录制3.wav,,3,B,高频窄带或CF型,3.8767559735581543,1.84820365032263
Avisoft录制3.wav,unlabeled,2,2,1,1,False,1.0,,0.0,True,,0.135792,0.13864,0.133912,0.13988,5.968,7.259508974113086,-10.0,66.89453125,66.89453125,67.3828125,-0.48828125,20.99609375,85.9375,64.94140625,0.1217456574135645,1.0,0.9765625,0.0204278081655502,Avisoft录制3.wav,,2,D,复杂、中间或混合声型,1.3243232303681396,-0.5204698487194964
Avisoft录制3.wav,unlabeled,10,10,1,1,False,1.0,,0.0,True,,2.888304,2.9269920000000003,2.887,2.925224,38.224,7.086633003213256,-10.0,81.54296875,81.0546875,81.54296875,-0.48828125,81.0546875,82.03125,0.9765625,0.001505294559712,1.0,0.48828125,0.0375384762883186,Avisoft录制3.wav,,3,B,高频窄带或CF型,4.46647045837726,2.752832513885902
Avisoft录制3.wav,unlabeled,43,43,1,1,False,1.0,,0.0,True,,59.39544,59.429008,59.39548,59.416744,21.264000000000003,6.434884181911157,-10.0,81.54296875,81.0546875,81.0546875,0.0,80.56640625,81.54296875,0.9765625,-0.0103498928666829,1.0,0.48828125,0.0806367769837379,Avisoft录制3.wav,,3,B,高频窄带或CF型,3.797581048032608,1.89052683195282
Avisoft录制3.wav,unlabeled,11,11,1,1,False,1.0,,0.0,True,,2.955888,2.994576,2.956888,2.983848,26.96,6.375963356501647,-10.0,81.54296875,81.54296875,81.54296875,0.0,81.0546875,82.03125,0.9765625,3.636635808355635e-16,1.0,0.0,0.0380299426615238,Avisoft录制3.wav,,3,B,高频窄带或CF型,4.0496580474452415,2.187239336723228
Avisoft录制3.wav,unlabeled,18,18,1,1,False,1.0,,0.0,True,,3.540592,3.551632,3.538648,3.550056,11.408,5.663542805120432,-10.0,65.91796875,64.453125,63.96484375,0.48828125,63.4765625,66.40625,2.9296875,0.0240214298736749,1.0,1.46484375,0.0304787438362836,Avisoft录制3.wav,,3,B,高频窄带或CF型,1.658036560917673,1.2980948725688368
Avisoft录制3.wav,unlabeled,3,3,1,1,False,1.0,,0.0,True,,0.32216,0.329104,0.31996,0.32868,8.72,5.278589479555425,-10.0,66.89453125,66.40625,65.91796875,0.48828125,19.53125,67.3828125,47.8515625,-0.0213243946525619,1.0,0.48828125,0.0250885691493749,Avisoft录制3.wav,,2,D,复杂、中间或混合声型,0.8863556446410311,-0.0326597491088388
Dalazi.wav,unlabeled,2,2,1,1,False,1.0,,0.0,True,,0.047728,0.0495519999999999,0.047064,0.050152,3.088,11.269023555637668,-10.0,27.83203125,31.25,25.87890625,5.37109375,25.87890625,59.08203125,33.203125,-2.0276583158052928,1.0,1.46484375,0.1365769058465957,Dalazi.wav,,0,C,低频窄带或缓变型,-1.8930271494265345,-0.7742698846653522
Dalazi.wav,unlabeled,1,1,1,1,False,1.0,,0.0,True,,0.0,0.001424,0.0,0.001992,1.992,10.328681945586707,-10.0,24.4140625,24.4140625,23.4375,0.9765625,21.484375,27.34375,5.859375,-0.7467185996494683,1.0,0.9765625,0.0756580084562301,Dalazi.wav,,0,C,低频窄带或缓变型,-3.12939681088898,0.5127509530830936
Dalazi.wav,unlabeled,5,5,1,1,False,1.0,,0.0,True,,1.737328,1.750416,1.737176,1.750568,13.392,4.063187459173316,-10.0,21.97265625,21.484375,25.87890625,-4.39453125,20.5078125,55.6640625,35.15625,0.1508320067498817,1.0,2.9296875,0.1061898916959762,Dalazi.wav,,0,C,低频窄带或缓变型,-2.0674592972013244,0.8312137147228548
Kuzi.wav,unlabeled,55,37,1,1,False,1.0,,0.0,True,,31.828604,31.868316,31.829412,31.85138,21.968,13.620533992873897,-13.271691924899317,22.4609375,24.4140625,21.484375,2.9296875,20.99609375,66.89453125,45.8984375,-0.0922584870608067,1.0,0.9765625,0.282373696565628,Kuzi.wav,,2,D,复杂、中间或混合声型,-1.4716155316004795,0.5187296211901956
Kuzi.wav,unlabeled,53,35,1,1,False,1.0,,0.0,True,,31.089276,31.11158,31.088612,31.103412,14.8,12.43585540341638,-12.80882594325066,22.94921875,27.34375,22.4609375,4.8828125,21.97265625,25.390625,3.41796875,-0.2899480810976715,1.0,0.48828125,0.2047237604856491,Kuzi.wav,,0,C,低频窄带或缓变型,-2.680471720755703,1.0876964316077715
Kuzi.wav,unlabeled,79,53,1,1,False,1.0,,0.0,True,,32.46758,32.48886,32.468964,32.479604,10.64,11.07369979738998,-14.01203480382716,23.4375,24.4140625,23.4375,0.9765625,22.94921875,24.90234375,1.953125,-0.1666926536239486,1.0,0.48828125,0.1628638356924057,Kuzi.wav,,0,C,低频窄带或缓变型,-2.873348990634572,1.2086118117592466
Kuzi.wav,unlabeled,56,38,1,3,True,0.94,41.015625,0.0,True,,31.978108,31.98198,31.97782,31.98066,2.84,9.811891837234928,-10.0,41.015625,41.50390625,41.015625,0.48828125,39.0625,43.45703125,4.39453125,-0.1922426487617335,1.0,0.48828125,0.0509568154811859,Kuzi.wav,,0,C,低频窄带或缓变型,-1.2546636240692526,0.7972985028063886
Kuzi.wav,unlabeled,52,34,1,1,False,1.0,,0.0,True,,30.681724,30.704028,30.686884,30.694708,7.823999999999999,9.804518154546535,-10.0,22.4609375,22.94921875,21.97265625,0.9765625,21.97265625,24.4140625,2.44140625,-0.1194044144235057,1.0,0.9765625,0.1454740315675735,Kuzi.wav,,0,C,低频窄带或缓变型,-3.0910887632451494,1.0559911624937866
Kuzi.wav,unlabeled,32,20,1,3,True,0.9678571428571427,34.912109375,0.0,True,,28.862076,28.876188,28.863076,28.867756,4.68,9.729153878648424,-13.082634735723431,34.1796875,41.015625,33.69140625,7.32421875,30.2734375,40.0390625,9.765625,-1.778719201204548,0.972972972972973,2.44140625,0.1021566987037658,Kuzi.wav,,0,C,低频窄带或缓变型,-1.7672094023770688,-0.1778593604124256
Kuzi.wav,unlabeled,43,27,1,1,False,1.0,,0.0,True,,29.03206,29.035932,29.031076,29.035892,4.816,9.6161878274535,-10.0,36.62109375,41.015625,36.62109375,4.39453125,33.69140625,55.6640625,21.97265625,-0.5430485985970142,1.0,3.41796875,0.0631245225667953,Kuzi.wav,,0,C,低频窄带或缓变型,-1.13123707130622,-0.0080139650902044
Kuzi.wav,unlabeled,54,36,1,1,False,1.0,,0.0,True,,31.476348,31.478172,31.474148,31.480052,5.904000000000001,9.58454851152514,-10.0,20.99609375,21.484375,20.99609375,0.48828125,20.99609375,35.15625,14.16015625,-0.1032191443288904,1.0,0.48828125,0.0461979582905769,Kuzi.wav,,0,C,低频窄带或缓变型,-2.999939737382165,0.7143230773230484
Kuzi.wav,unlabeled,5,5,1,1,False,1.0,,0.0,True,,1.634928,1.644944,1.632728,1.647144,14.416,9.440526139974516,-10.0,77.1484375,77.1484375,77.1484375,0.0,42.96875,77.63671875,34.66796875,7.546875568791201e-16,1.0,0.0,0.0269860979169607,Kuzi.wav,,2,D,复杂、中间或混合声型,2.487833896416333,0.6590534811854003
Kuzi.wav,unlabeled,31,19,1,1,False,1.0,,0.0,True,,28.844668,28.856732,28.84842,28.852084,3.664,8.938085150358585,-10.0,35.15625,41.9921875,40.52734375,1.46484375,33.203125,59.08203125,25.87890625,-1.0598469250307978,1.0,6.8359375,0.0994269624352455,Kuzi.wav,,0,C,低频窄带或缓变型,-0.9897638427651142,-0.249425482911764
Kuzi.wav,unlabeled,59,39,1,1,False,1.0,,0.0,True,,31.993468,31.99734,31.992228,31.996148,3.92,8.674077911638403,-10.0,41.015625,21.484375,41.9921875,-20.5078125,30.2734375,85.44921875,55.17578125,4.614553143901208,1.0,22.4609375,0.0649073645472526,Kuzi.wav,,2,D,复杂、中间或混合声型,-0.6153260255845583,1.45408174004447
Kuzi.wav,unlabeled,17,13,1,3,True,0.935546875,39.0625,0.0,True,,28.736124,28.74614,28.739932,28.744244,4.312,8.461710732088706,-10.0,39.0625,26.85546875,38.0859375,-11.23046875,37.109375,42.48046875,5.37109375,2.5575811212713058,0.9705882352941176,10.7421875,0.0489906147122383,Kuzi.wav,,0,C,低频窄带或缓变型,-1.7193220098427824,2.0241309301365056
Kuzi.wav,unlabeled,41,25,1,1,False,1.0,,0.0,True,,28.935804,28.948892,28.936612,28.94322,6.6080000000000005,8.234060889399226,-13.100364111311215,34.66796875,40.52734375,33.69140625,6.8359375,33.69140625,43.45703125,9.765625,-0.613256633754959,1.0,3.41796875,0.1158802658319473,Kuzi.wav,,0,C,低频窄带或缓变型,-1.4863352703771475,0.2187387742010648
Kuzi.wav,unlabeled,37,23,1,3,True,0.8223307291666666,34.1796875,0.0,True,,28.905084,28.914076,28.906588,28.910188,3.6,8.075696466076955,-10.0,34.1796875,34.1796875,35.15625,-0.9765625,32.71484375,36.62109375,3.90625,0.3401281798414386,1.0,0.48828125,0.0678165107965469,Kuzi.wav,,0,C,低频窄带或缓变型,-1.9650389466638816,1.0800740326630736
Kuzi.wav,unlabeled,27,17,1,3,True,0.9228571428571428,34.423828125,0.0,True,,28.8119,28.826012,28.813348,28.820212,6.864,7.872020543396022,-10.0,35.15625,44.43359375,39.55078125,4.8828125,33.203125,41.9921875,8.7890625,-0.7678832193545162,1.0,7.32421875,0.0607107393443584,Kuzi.wav,,0,C,低频窄带或缓变型,-1.263436230263855,0.1866092333782928
Kuzi.wav,unlabeled,15,12,1,2,True,0.925,41.259765625,0.0,True,,28.718716,28.723612,28.716516,28.723372,6.856,7.73342352536977,-10.0,41.015625,41.50390625,41.015625,0.48828125,35.15625,43.9453125,8.7890625,-0.271616332844964,1.0,5.859375,0.0332475379109382,Kuzi.wav,,0,C,低频窄带或缓变型,-1.1092378698287304,0.66973355144207
Kuzi.wav,unlabeled,33,20,2,3,True,0.9243312792217372,37.353515625,-2.3101848700436607,True,,28.862076,28.876188,28.863076,28.868012,4.936,7.418969008604763,-13.082634735723431,37.59765625,45.41015625,35.15625,10.25390625,35.15625,40.0390625,4.8828125,-2.152437053624347,0.9487179487179488,8.30078125,0.0719740837812423,Kuzi.wav,,0,C,低频窄带或缓变型,-1.456866204369427,-0.5051448233623558
Kuzi.wav,unlabeled,18,13,2,3,True,0.9315560175088436,35.888671875,-1.0974584242040648,True,,28.736124,28.74614,28.73898,28.744244,5.263999999999999,7.364252307884641,-10.0,35.64453125,42.96875,35.15625,7.8125,33.203125,41.015625,7.8125,-1.4447690640573043,1.0,4.39453125,0.0508202388882637,Kuzi.wav,,0,C,低频窄带或缓变型,-1.4788386936433904,-0.1231388324240155
Kuzi.wav,unlabeled,65,43,1,3,True,0.9228571428571428,42.48046875,0.0,True,,32.045692,32.051612,32.04554,32.05138,5.84,7.337562143004321,-10.0,40.52734375,43.45703125,41.015625,2.44140625,39.0625,43.9453125,4.8828125,-0.0851631458622381,1.0,5.859375,0.0412672571837902,Kuzi.wav,,0,C,低频窄带或缓变型,-1.043372982490508,0.6482708713236741
Kuzi.wav,unlabeled,61,41,1,3,True,0.988157894736842,34.66796875,0.0,True,,32.015996,32.023964,32.015004,32.021548,6.5440000000000005,7.305600440373857,-10.0,34.66796875,36.62109375,34.66796875,1.953125,33.69140625,36.1328125,2.44140625,-0.2077616110209702,0.903846153846154,0.9765625,0.0471684969961643,Kuzi.wav,,0,C,低频窄带或缓变型,-2.011343804596342,0.976582574094952
Kuzi.wav,unlabeled,9,9,1,2,True,0.8425,37.841796875,0.0,True,,28.677756,28.683676,28.67562,28.682476,6.856,7.258835192139621,-10.0,37.59765625,45.8984375,38.0859375,7.8125,36.1328125,41.50390625,5.37109375,-0.846443967673469,0.9629629629629628,4.39453125,0.0344776771962642,Kuzi.wav,,0,C,低频窄带或缓变型,-1.2794312692379255,0.2038697824873506
Kuzi.wav,unlabeled,35,21,1,1,False,1.0,,0.0,True,,28.885628,28.888476,28.88426,28.889652,5.392,7.157791434449672,-10.0,37.109375,35.64453125,41.015625,-5.37109375,34.1796875,88.37890625,54.19921875,0.5656950641564067,1.0,5.37109375,0.0502480305731296,Kuzi.wav,,2,D,复杂、中间或混合声型,-0.2955231585737216,0.0529364316830396
Kuzi.wav,unlabeled,73,49,1,1,False,1.0,,0.0,True,,32.176764,32.180636,32.174756,32.181364,6.6080000000000005,7.153604438450595,-10.0,41.015625,42.96875,42.48046875,0.48828125,39.0625,55.17578125,16.11328125,-0.1932914562578646,1.0,2.9296875,0.0498001649975776,Kuzi.wav,,0,C,低频窄带或缓变型,-0.7276547827250753,0.5931675203089173
Kuzi.wav,unlabeled,20,14,1,3,True,0.91,37.7197265625,0.0,True,,28.749436,28.783004,28.766628,28.770412,3.784,6.987302982668702,-10.0,34.1796875,38.0859375,32.71484375,5.37109375,33.203125,39.0625,5.859375,-1.679485181017108,1.0,3.41796875,0.094017319381237,Kuzi.wav,,0,C,低频窄带或缓变型,-1.7884840266800146,-0.0119447867588875
Kuzi.wav,unlabeled,62,41,2,3,True,0.9841309943384478,38.818359375,-0.3624210358554953,True,,32.015996,32.023964,32.014692,32.024628,9.936,6.943179404518361,-10.0,40.52734375,40.0390625,34.1796875,5.859375,34.1796875,42.96875,8.7890625,-0.7836436611499648,1.0,5.859375,0.0399290509521961,Kuzi.wav,,0,C,低频窄带或缓变型,-1.210119235723044,0.3541347717181798
Kuzi.wav,unlabeled,23,15,1,3,True,1.0,41.50390625,0.0,True,,28.787324,28.79222,28.7871,28.79442,7.32,6.725915860120743,-10.0,41.50390625,46.38671875,41.015625,5.37109375,40.0390625,45.8984375,5.859375,-0.4529767559388802,0.9827586206896552,2.9296875,0.0279021002352237,Kuzi.wav,,0,C,低频窄带或缓变型,-0.8937176944948231,0.5216659376431564
Kuzi.wav,unlabeled,16,12,2,2,True,0.9137531227406632,44.3115234375,-1.0122189533403083,True,,28.718716,28.723612,28.719516,28.723244,3.728,6.721204572029462,-10.0,45.41015625,49.31640625,35.15625,14.16015625,36.62109375,47.36328125,10.7421875,-3.989459258582208,0.9666666666666668,3.41796875,0.0304786302149295,Kuzi.wav,,1,A,短促宽带下降FM型,-1.001501714083931,-1.2885877103176655
Kuzi.wav,unlabeled,48,32,1,3,True,0.8999999999999999,39.4287109375,0.0,True,,30.544508,30.546332,30.542492,30.547628,5.136,6.719596686430274,-10.0,39.55078125,38.57421875,41.50390625,-2.9296875,38.0859375,43.45703125,5.37109375,0.6905000799624363,1.0,3.41796875,0.0260226242244243,Kuzi.wav,,0,C,低频窄带或缓变型,-1.2622124227781966,1.2388082132718714
Kuzi.wav,unlabeled,57,38,2,3,True,0.8705767185065408,43.212890625,-3.5480953344113257,True,,31.978108,31.98198,31.976612,31.98066,4.048,6.2637965028236025,-10.0,42.96875,45.41015625,43.45703125,1.953125,38.57421875,45.8984375,7.32421875,-0.0265686393133666,1.0,2.9296875,0.0361864455044269,Kuzi.wav,,0,C,低频窄带或缓变型,-0.9492371148565848,0.6430389057832492
Kuzi.wav,unlabeled,74,50,1,3,True,0.9194113630589432,42.236328125,0.0,True,,32.224892,32.22774,32.223388,32.22994,6.552,6.259853128498127,-10.0,41.9921875,49.31640625,42.96875,6.34765625,41.015625,44.43359375,3.41796875,-1.112994025735298,0.9615384615384616,3.90625,0.0245890598744153,Kuzi.wav,,0,C,低频窄带或缓变型,-0.8565764340724804,0.2808688846318419
Kuzi.wav,unlabeled,21,14,2,3,True,0.878943924380694,35.5224609375,-0.7700468057375378,True,,28.749436,28.783004,28.766628,28.771436,4.808,6.217256176931164,-10.0,34.1796875,29.78515625,34.66796875,-4.8828125,33.203125,40.0390625,6.8359375,1.4617649441097218,1.0,5.859375,0.0792473554611206,Kuzi.wav,,0,C,低频窄带或缓变型,-1.901338173526337,1.4413059649721305
Kuzi.wav,unlabeled,12,11,1,3,True,0.955,34.912109375,0.0,True,,28.703356,28.712348,28.706588,28.709164,2.576,6.157171590559452,-10.0,35.15625,34.66796875,33.203125,1.46484375,34.1796875,37.109375,2.9296875,-0.5392203653665439,0.9523809523809524,1.46484375,0.055903747677803,Kuzi.wav,,0,C,低频窄带或缓变型,-2.0650045251313904,0.6692492666993516
Kuzi.wav,unlabeled,40,24,1,1,False,1.0,,0.0,True,,28.921468,28.929436,28.92138,28.928564,7.184,6.034782844680963,-10.0,37.109375,43.45703125,37.109375,6.34765625,33.203125,57.6171875,24.4140625,-0.7098778746181886,1.0,5.859375,0.0743232071399688,Kuzi.wav,,0,C,低频窄带或缓变型,-0.8967888995755113,-0.2117712666153024
Kuzi.wav,unlabeled,75,50,2,3,True,0.9533654662291388,41.259765625,-0.2458885271823791,True,,32.224892,32.22774,32.222692,32.22994,7.248,6.013964601315748,-10.0,41.9921875,50.78125,52.24609375,-1.46484375,34.66796875,46.38671875,11.71875,-0.3147595034444279,1.0,9.27734375,0.0267597176134586,Kuzi.wav,,0,C,低频窄带或缓变型,-0.5425586501828387,0.5731909154420017
Kuzi.wav,unlabeled,70,46,1,1,False,1.0,,0.0,True,,32.111228,32.117148,32.11082,32.1189,8.08,5.694347058645624,-10.0,42.48046875,40.0390625,42.48046875,-2.44140625,31.25,88.8671875,57.6171875,0.6839905903016278,1.0,19.53125,0.0527012534439563,Kuzi.wav,,2,D,复杂、中间或混合声型,0.1536796258912415,-0.5421800126748696
Kuzi.wav,unlabeled,49,32,2,3,True,0.8875201601100545,43.9453125,-1.1231855900950858,True,,30.544508,30.546332,30.542308,30.546604,4.296,5.596411096335188,-10.0,43.9453125,43.9453125,44.921875,-0.9765625,41.9921875,47.8515625,5.859375,0.2121542864304761,1.0,1.46484375,0.0231336113065481,Kuzi.wav,,0,C,低频窄带或缓变型,-0.8299234759170231,1.0005680722853536
Kuzi.wav,unlabeled,10,9,2,2,True,0.8239539967877106,36.62109375,-1.6691402891060527,True,,28.677756,28.683676,28.67562,28.678764,3.144,5.5896949030335685,-10.0,36.62109375,37.59765625,35.15625,2.44140625,35.64453125,38.0859375,2.44140625,-0.8745155786808269,0.92,0.9765625,0.0384656749665737,Kuzi.wav,,0,C,低频窄带或缓变型,-1.930062877775432,0.5931367769246177
Kuzi.wav,unlabeled,51,33,1,1,False,1.0,,0.0,True,,30.592636,30.596508,30.590436,30.597684,7.248,5.536028663527378,-10.0,40.52734375,23.92578125,40.52734375,-16.6015625,22.94921875,91.796875,68.84765625,1.4798394564924584,1.0,16.6015625,0.0494709834456443,Kuzi.wav,,2,D,复杂、中间或混合声型,-0.459364328517563,0.3565490231627508
Kuzi.wav,unlabeled,72,48,1,1,False,1.0,,0.0,True,,32.16038,32.164252,32.159204,32.164468,5.263999999999999,5.461320345197267,-10.0,41.9921875,40.0390625,39.55078125,0.48828125,35.64453125,80.56640625,44.921875,-0.2550137950036953,1.0,2.9296875,0.0530849024653434,Kuzi.wav,,2,D,复杂、中间或混合声型,-0.2998856640898117,-0.2163609284181402
Kuzi.wav,unlabeled,28,17,2,3,True,0.8635470348615013,38.0859375,-2.4625850442830672,True,,28.8119,28.826012,28.813348,28.81982,6.472,5.409435499112956,-10.0,38.0859375,39.0625,46.38671875,-7.32421875,32.71484375,42.48046875,9.765625,1.175641154899461,0.9803921568627452,5.37109375,0.0481699220836162,Kuzi.wav,,0,C,低频窄带或缓变型,-1.2936390320285194,1.525854067928072
Kuzi.wav,unlabeled,36,22,1,1,False,1.0,,0.0,True,,28.89894,28.903836,28.898148,28.90418,6.032,5.329856665708556,-10.0,36.62109375,38.57421875,37.59765625,0.9765625,23.4375,83.0078125,59.5703125,0.1465917099469429,1.0,1.953125,0.053725279867649,Kuzi.wav,,2,D,复杂、中间或混合声型,-0.6375635009136287,-0.4682068049130544
Kuzi.wav,unlabeled,24,15,2,3,True,0.9655967346536776,36.0107421875,-1.4087938811690095,True,,28.787324,28.79222,28.786844,28.79442,7.576,5.317121978951734,-10.0,36.1328125,35.64453125,33.69140625,1.953125,30.2734375,37.109375,6.8359375,-0.0052996627752528,1.0,4.39453125,0.0222943667322397,Kuzi.wav,,0,C,低频窄带或缓变型,-1.7554229347606036,0.7881341054061277
Kuzi.wav,unlabeled,69,45,1,1,False,1.0,,0.0,True,,32.100988,32.105884,32.098788,32.1077,8.911999999999999,5.229518955326013,-10.0,42.48046875,42.48046875,53.22265625,-10.7421875,32.2265625,93.75,61.5234375,0.79811302427336,1.0,9.27734375,0.048965748399496,Kuzi.wav,,2,D,复杂、中间或混合声型,0.4972073587496388,0.2828823558965807
Kuzi.wav,unlabeled,38,23,2,3,True,0.7105426619885835,37.841796875,-3.310926046027491,True,,28.905084,28.914076,28.906076,28.909164,3.088,4.764770420049464,-10.0,39.0625,40.0390625,36.62109375,3.41796875,35.64453125,41.015625,5.37109375,-1.4965350811298053,1.0,1.953125,0.0567488186061382,Kuzi.wav,,0,C,低频窄带或缓变型,-1.5042078814990656,0.1956007961672682
Kuzi.wav,unlabeled,29,17,3,3,True,0.8854099554208181,36.62109375,-3.3702468692692324,True,,28.8119,28.826012,28.8143,28.820212,5.912,4.50177367412679,-10.0,36.62109375,42.96875,32.71484375,10.25390625,34.66796875,42.48046875,7.8125,-1.1339402294364782,0.9787234042553192,6.34765625,0.0509324669837951,Kuzi.wav,,0,C,低频窄带或缓变型,-1.4538699196192746,-0.2042871750688107
Kuzi.wav,unlabeled,66,43,2,3,True,0.8905466507670606,40.283203125,-2.9079442881074,True,,32.045692,32.051612,32.045596,32.05138,5.784,4.429617854896922,-10.0,40.52734375,32.71484375,43.9453125,-11.23046875,27.83203125,43.45703125,15.625,2.43356576550148,0.9782608695652174,4.8828125,0.0327731631696224,Kuzi.wav,,0,C,低频窄带或缓变型,-1.5539949533849309,1.9636722624592995
Kuzi.wav,unlabeled,13,11,2,3,True,0.935222519145896,39.6728515625,-1.7799732768693712,True,,28.703356,28.712348,28.70538,28.709932,4.552,4.377198313690081,-10.0,39.55078125,33.69140625,34.66796875,-0.9765625,35.15625,42.48046875,7.32421875,0.4793870895304191,0.9166666666666666,5.859375,0.0573875494301319,Kuzi.wav,,0,C,低频窄带或缓变型,-1.7900552655240722,0.9706305052399532
Kuzi.wav,unlabeled,78,52,1,1,False,1.0,,0.0,True,,32.348796,32.351644,32.346596,32.353844,7.248,4.29380333153639,-10.0,42.96875,43.45703125,20.99609375,22.4609375,20.99609375,50.78125,29.78515625,-2.185266686128707,1.0,19.53125,0.0460318550467491,Kuzi.wav,,1,A,短促宽带下降FM型,-1.325530086923661,-2.2070807152019136
Kuzi.wav,unlabeled,26,16,1,1,False,1.0,,0.0,True,,28.79654,28.80758,28.799844,28.80722,7.375999999999999,4.060863887260306,-10.0,37.109375,43.9453125,38.0859375,5.859375,33.203125,85.9375,52.734375,-0.5623067241956126,1.0,5.37109375,0.0657875165343284,Kuzi.wav,,2,D,复杂、中间或混合声型,-0.1453128473813985,-0.8399518430623477
Lingyan.wav,unlabeled,16,10,1,3,True,0.991796875,24.90234375,0.0,True,,77.473004,77.4779,77.47374,77.477084,3.3440000000000003,16.89626442520885,-17.65775049333491,24.4140625,20.01953125,25.390625,-5.37109375,20.5078125,25.87890625,5.37109375,1.5044532561622406,1.0,2.44140625,0.0378889888525009,Lingyan.wav,,0,C,低频窄带或缓变型,-3.214256625657777,1.555808769209867
Lingyan.wav,unlabeled,12,8,1,1,False,1.0,,0.0,True,,77.391084,77.405196,77.391188,77.397348,6.159999999999999,16.630296247050257,-17.328309301520363,33.69140625,40.0390625,33.203125,6.8359375,33.203125,38.0859375,4.8828125,-0.8100392867107814,1.0,1.953125,0.1396529227495193,Lingyan.wav,,0,C,低频窄带或缓变型,-1.7032878578559718,0.3166611252277569
Lingyan.wav,unlabeled,19,11,1,3,True,0.9357142857142856,21.97265625,0.0,True,,77.517036,77.521932,77.516244,77.52202,5.776,15.993386274246063,-17.766080246739495,21.484375,21.97265625,20.99609375,0.9765625,20.5078125,28.80859375,8.30078125,0.2644292153291727,1.0,4.8828125,0.0302723981440067,Lingyan.wav,,0,C,低频窄带或缓变型,-3.114771853995809,0.7755821065106134
Lingyan.wav,unlabeled,20,11,2,3,True,0.8587855094153436,80.078125,-0.5593041526190861,True,,77.517036,77.521932,77.51694,77.519516,2.576,15.43408212162698,-17.766080246739495,80.078125,81.0546875,79.58984375,1.46484375,77.63671875,85.9375,8.30078125,-0.5449567522321483,1.0,0.48828125,0.0362423695623874,Lingyan.wav,,3,B,高频窄带或CF型,3.098177823278348,0.5475527284794
Lingyan.wav,unlabeled,22,12,1,3,True,1.0,23.5595703125,0.0,True,,77.632748,77.637644,77.632268,77.638052,5.784,15.34705138887026,-17.573925031408123,24.4140625,26.3671875,22.94921875,3.41796875,21.484375,36.1328125,14.6484375,-1.6945583968114015,1.0,7.8125,0.0238624941557645,Lingyan.wav,,0,C,低频窄带或缓变型,-2.648818163506675,-0.1743288536607432
Lingyan.wav,unlabeled,17,10,2,3,True,0.8861439215165181,28.076171875,-1.9150158135133752,True,,77.473004,77.4779,77.473356,77.47798,4.624,14.981248611695476,-17.65775049333491,28.3203125,22.4609375,24.4140625,-1.953125,21.484375,34.66796875,13.18359375,0.7933784789253587,0.972972972972973,5.859375,0.027790019288659,Lingyan.wav,,0,C,低频窄带或缓变型,-2.82242390648354,0.9208616435107548
Lingyan.wav,unlabeled,23,12,2,3,True,0.9915619596708428,24.4140625,-0.759423629624137,True,,77.632748,77.637644,77.633292,77.638052,4.760000000000001,14.58762775924612,-17.573925031408123,20.99609375,30.2734375,25.87890625,4.39453125,20.01953125,30.76171875,10.7421875,-0.7575966229466428,1.0,9.27734375,0.0183254219591617,Lingyan.wav,,0,C,低频窄带或缓变型,-2.7731626464957,-0.0061193353828867
Lingyan.wav,unlabeled,21,11,3,3,True,0.9135904492808796,76.171875,-1.991145279006537,True,,77.517036,77.521932,77.517324,77.520668,3.3440000000000003,14.002240995239529,-17.766080246739495,76.66015625,76.171875,72.75390625,3.41796875,70.80078125,78.61328125,7.8125,-1.4834933810763995,1.0,2.44140625,0.0334764122962951,Lingyan.wav,,3,B,高频窄带或CF型,2.5196921071967107,0.1542930562026265
Lingyan.wav,unlabeled,1,1,1,3,True,0.8941176470588235,22.705078125,0.0,True,,2.090608,2.093456,2.089112,2.09316,4.048,12.33386202958678,-12.691936073885664,22.4609375,20.99609375,24.4140625,-3.41796875,20.01953125,24.4140625,4.39453125,0.2223375605697891,1.0,3.90625,0.0323751010000705,Lingyan.wav,,0,C,低频窄带或缓变型,-3.2433458211308466,1.087912360292012
Lingyan.wav,unlabeled,2,1,2,3,True,0.87225774007537,27.9541015625,-0.2468033932167033,True,,2.090608,2.093456,2.089112,2.093152,4.04,12.087058636370076,-12.691936073885664,27.34375,28.3203125,37.109375,-8.7890625,26.3671875,30.2734375,3.90625,3.1964532260237064,0.90625,9.765625,0.0304854195564985,Lingyan.wav,,0,C,低频窄带或缓变型,-2.653923290427078,2.096728917147572
Lingyan.wav,unlabeled,11,7,1,1,False,1.0,,0.0,True,,77.365484,77.384716,77.366484,77.372388,5.904000000000001,11.748481194329951,-20.282864150610724,34.66796875,45.41015625,34.66796875,10.7421875,34.1796875,42.96875,8.7890625,-0.0939558877865567,1.0,10.25390625,0.1517523676156997,Lingyan.wav,,0,C,低频窄带或缓变型,-1.3211661459474198,-0.1406991682352492
Lingyan.wav,unlabeled,13,9,1,3,True,0.8875,85.0830078125,0.0,True,,77.429996,77.432844,77.428556,77.430876,2.32,11.348551679708786,-13.447556507366208,84.9609375,91.30859375,84.47265625,6.8359375,83.0078125,90.8203125,7.8125,-2.1297742215718456,0.9473684210526316,5.37109375,0.0279794055968523,Lingyan.wav,,3,B,高频窄带或CF型,3.699506445086072,-0.358936199589521
Lingyan.wav,unlabeled,8,6,1,3,True,0.9633138020833334,34.912109375,0.0,True,,77.342956,77.359116,77.347732,77.352996,5.263999999999999,11.213835396654558,-13.711123537014409,35.15625,36.62109375,35.64453125,0.9765625,33.69140625,37.109375,3.41796875,-0.194057770307061,0.9761904761904762,0.9765625,0.0748738273978233,Lingyan.wav,,0,C,低频窄带或缓变型,-1.8289102546510223,0.9039785748086742
Lingyan.wav,unlabeled,26,14,1,3,True,0.9890243902439024,24.169921875,0.0,True,,79.13598,79.138828,79.13378,79.139556,5.776,10.896835512001562,-12.950661321662729,23.92578125,24.4140625,25.390625,-0.9765625,23.4375,25.390625,1.953125,0.0939852949501818,0.9782608695652174,0.48828125,0.0322576723992824,Lingyan.wav,,0,C,低频窄带或缓变型,-3.0418110451973304,1.178738084730834
Lingyan.wav,unlabeled,24,12,3,3,True,0.9476536996630144,28.564453125,-4.711167030328725,True,,77.632748,77.637644,77.634188,77.638052,3.864,10.635884358541537,-17.573925031408123,28.3203125,31.73828125,29.78515625,1.953125,27.83203125,38.57421875,10.7421875,-0.8444632253339313,1.0,2.9296875,0.0171758756041526,Lingyan.wav,,0,C,低频窄带或缓变型,-2.250945156346388,0.3198056942068751
Lingyan.wav,unlabeled,14,9,2,3,True,0.8755563548013031,31.6162109375,-1.074928067882725,True,,77.429996,77.432844,77.428684,77.432412,3.728,10.27362361182606,-13.447556507366208,41.9921875,41.50390625,22.94921875,18.5546875,22.4609375,45.8984375,23.4375,-6.069569486929927,1.0,7.8125,0.0239516980946064,Lingyan.wav,,1,A,短促宽带下降FM型,-1.6496351911557103,-2.6227862738462293
Lingyan.wav,unlabeled,25,13,1,1,False,1.0,,0.0,True,,78.515436,78.520332,78.515092,78.519524,4.432,9.779133376508865,-16.08431603556916,24.4140625,25.390625,22.94921875,2.44140625,22.4609375,32.2265625,9.765625,-0.3590303308823514,1.0,4.8828125,0.0568078532814979,Lingyan.wav,,0,C,低频窄带或缓变型,-2.849467611298397,0.4117892076644723
Lingyan.wav,unlabeled,15,9,3,3,True,0.7517656787620617,80.2001953125,-2.0910889114144395,True,,77.429996,77.432844,77.429068,77.4319,2.832,9.257462768294346,-13.447556507366208,80.56640625,81.0546875,63.4765625,17.578125,72.265625,83.0078125,10.7421875,-5.424258266041868,1.0,9.27734375,0.0201113075017929,Lingyan.wav,,1,A,短促宽带下降FM型,2.774876072405995,-2.122817574601052
Lingyan.wav,unlabeled,9,6,2,3,True,0.9418829673049574,31.6162109375,-2.1151483271692144,True,,77.342956,77.359116,77.3483,77.352996,4.696,9.098687069485344,-13.711123537014409,31.73828125,31.73828125,22.4609375,9.27734375,30.76171875,32.71484375,1.953125,-2.375370314141282,0.945945945945946,9.27734375,0.060751661658287,Lingyan.wav,,0,C,低频窄带或缓变型,-2.434881438930237,-0.4464308733432506
Lingyan.wav,unlabeled,4,2,1,1,False,1.0,,0.0,True,,3.785328,3.791248,3.784408,3.787048,2.64,8.44549462261619,-10.0,22.4609375,23.4375,23.4375,0.0,21.97265625,27.83203125,5.859375,0.1337621119115274,1.0,0.9765625,0.0542077310383319,Lingyan.wav,,0,C,低频窄带或缓变型,-3.1618798554769274,0.8424280606587639
Lingyan.wav,unlabeled,27,14,2,3,True,0.956482916156475,32.8369140625,-2.9287326678684824,True,,79.13598,79.138828,79.13378,79.139556,5.776,7.96810284413308,-12.950661321662729,32.71484375,33.203125,31.25,1.953125,31.25,33.69140625,2.44140625,-0.0893977774244507,1.0,1.953125,0.023429736495018,Lingyan.wav,,0,C,低频窄带或缓变型,-2.0978327373346377,0.8746846378590182
Lingyan.wav,unlabeled,3,1,3,3,True,0.8354261952403643,30.029296875,-5.282230663661327,True,,2.090608,2.093456,2.089808,2.09316,3.352,7.051631365925454,-12.691936073885664,30.2734375,30.2734375,32.2265625,-1.953125,28.3203125,36.1328125,7.8125,0.1676790006868115,1.0,1.953125,0.0174269210547208,Lingyan.wav,,0,C,低频窄带或缓变型,-2.2887129254646075,0.928460366155806
Lingyan.wav,unlabeled,7,5,1,1,False,1.0,,0.0,True,,75.927788,75.950092,75.929492,75.936356,6.864,6.349468351106649,-10.0,21.97265625,33.203125,22.94921875,10.25390625,20.5078125,34.66796875,14.16015625,-1.506540055999264,1.0,6.8359375,0.0774757117033004,Lingyan.wav,,0,C,低频窄带或缓变型,-2.5655969882345837,-0.4771615604368114
Lingyan.wav,unlabeled,6,4,1,1,False,1.0,,0.0,True,,75.518188,75.52718,75.518164,75.524708,6.5440000000000005,6.232831162104569,-15.89993766347931,27.83203125,24.4140625,20.99609375,3.41796875,20.99609375,31.73828125,10.7421875,-0.8747781828283715,1.0,4.8828125,0.0614698454737663,Lingyan.wav,,0,C,低频窄带或缓变型,-2.787808332564276,0.300312037452148
Lingyan.wav,unlabeled,18,10,3,3,True,0.8766731931710673,34.66796875,-11.099412614603946,True,,77.473004,77.4779,77.474124,77.476444,2.32,5.796851810604906,-17.65775049333491,35.64453125,34.66796875,30.76171875,3.90625,30.76171875,42.48046875,11.71875,-1.0707922149122755,1.0,3.90625,0.0171392578631639,Lingyan.wav,,0,C,低频窄带或缓变型,-1.8912974821512116,0.0177718313134752
Longmenchang.wav,unlabeled,6,6,1,1,False,1.0,,0.0,True,,1.769072,1.7760159999999998,1.766872,1.778216,11.344,8.223493821945825,-10.0,28.3203125,30.2734375,28.3203125,1.953125,27.34375,30.76171875,3.41796875,-0.0847494029901369,1.0,1.46484375,0.1891007721424102,Longmenchang.wav,,0,C,低频窄带或缓变型,-2.264342063901157,1.132758803788238
Longmenchang.wav,unlabeled,2,2,1,1,False,1.0,,0.0,True,,0.90584,0.914832,0.907032,0.913256,6.224,8.034073510001217,-10.0,27.83203125,27.83203125,27.34375,0.48828125,25.390625,28.3203125,2.9296875,0.1498631068638377,1.0,2.44140625,0.2951099574565887,Longmenchang.wav,,0,C,低频窄带或缓变型,-2.6365699018327766,1.0198096453384575
Longmenchang.wav,unlabeled,1,1,1,1,False,1.0,,0.0,True,,0.7860320000000001,0.7899039999999999,0.7846,0.791976,7.375999999999999,7.292917943595293,-10.0,27.34375,27.83203125,28.80859375,-0.9765625,27.34375,29.78515625,2.44140625,0.1045524397450489,1.0,0.9765625,0.1690457165241241,Longmenchang.wav,,0,C,低频窄带或缓变型,-2.516250988427024,1.218136903827721
Longmenchang.wav,unlabeled,4,4,1,1,False,1.0,,0.0,True,,1.3103200000000002,1.313168,1.30812,1.315368,7.248,6.189451823307618,-10.0,27.34375,27.34375,27.83203125,-0.48828125,25.390625,34.1796875,8.7890625,-0.0197806443641413,1.0,2.44140625,0.1698255240917205,Longmenchang.wav,,0,C,低频窄带或缓变型,-2.459999871107898,0.934787357286112
Longmenchang.wav,unlabeled,3,3,1,1,False,1.0,,0.0,True,,1.152624,1.16264,1.152536,1.155944,3.408,5.556652824062503,-10.0,25.87890625,28.3203125,33.203125,-4.8828125,25.390625,33.203125,7.8125,1.2901967552846425,1.0,7.32421875,0.2253290861845016,Longmenchang.wav,,0,C,低频窄带或缓变型,-2.5024445692428805,1.2226869859069067
Longmenchang.wav,unlabeled,5,5,1,1,False,1.0,,0.0,True,,1.470064,1.481104,1.469976,1.47364,3.664,5.283461935526361,-10.0,25.87890625,30.2734375,27.34375,2.9296875,25.390625,33.203125,7.8125,-0.9734055091594878,1.0,2.44140625,0.2825675904750824,Longmenchang.wav,,0,C,低频窄带或缓变型,-2.579996281022486,0.30169774052746
Shilin.wav,unlabeled,49,23,1,3,True,0.9325,35.15625,0.0,True,,3.841648,3.84552,3.84168,3.845928,4.248,12.640238714268536,-13.744198188088369,37.59765625,38.0859375,34.66796875,3.41796875,34.1796875,39.0625,4.8828125,-1.178109401132358,0.9411764705882352,3.90625,0.057808443903923,Shilin.wav,,0,C,低频窄带或缓变型,-1.7829096944021914,0.3259603749770974
Shilin.wav,unlabeled,38,16,1,3,True,0.9735294117647058,33.935546875,0.0,True,,1.464944,1.471888,1.464592,1.469096,4.504,12.146468206776564,-12.886638592146465,34.1796875,35.15625,34.1796875,0.9765625,30.76171875,35.64453125,4.8828125,-0.2876404793031734,0.8611111111111112,0.9765625,0.1199463456869125,Shilin.wav,,0,C,低频窄带或缓变型,-2.311918610400739,0.8819526340935262
Shilin.wav,unlabeled,31,13,1,3,True,0.925,39.9169921875,0.0,True,,1.344112,1.3510559999999998,1.343896,1.348576,4.68,11.277693887645164,-11.427891026809473,36.1328125,46.875,37.109375,9.765625,32.2265625,42.48046875,10.25390625,-2.5006254005341684,1.0,3.90625,0.1237699165940284,Shilin.wav,,0,C,低频窄带或缓变型,-1.3297212325709054,-0.6180543513554292
Shilin.wav,unlabeled,54,26,1,1,False,1.0,,0.0,True,,34.044628,34.061812,34.043964,34.061836,17.872,11.145672972014609,-10.0,28.3203125,27.83203125,25.390625,2.44140625,25.390625,33.203125,7.8125,-0.026309407569879,1.0,2.44140625,0.0499206818640232,Shilin.wav,,0,C,低频窄带或缓变型,-2.099512059608124,1.2977438216188322
Shilin.wav,unlabeled,7,3,1,1,False,1.0,,0.0,True,,0.725616,0.73256,0.725208,0.7306,5.392,10.25609522623004,-16.27906471016673,34.1796875,47.36328125,31.73828125,15.625,29.296875,67.87109375,38.57421875,-2.646439027224594,1.0,6.34765625,0.1978434771299362,Shilin.wav,,1,A,短促宽带下降FM型,-0.8231017441670232,-1.8000542464600089
Shilin.wav,unlabeled,27,11,1,3,True,0.94375,37.7197265625,0.0,True,,1.19768,1.2056479999999998,1.19784,1.203368,5.528,10.065509506530962,-12.724820069481964,34.1796875,44.43359375,38.0859375,6.34765625,32.2265625,40.52734375,8.30078125,-0.4242136916952928,1.0,4.39453125,0.1148451045155525,Shilin.wav,,0,C,低频窄带或缓变型,-1.451650435255806,0.2333063708236618
Shilin.wav,unlabeled,21,9,1,3,True,1.0,33.69140625,0.0,True,,1.057392,1.067408,1.058448,1.063336,4.888,9.67518609955602,-11.263180449040464,34.1796875,38.57421875,33.203125,5.37109375,32.2265625,38.57421875,6.34765625,-1.1714363870350435,1.0,2.44140625,0.1655225455760955,Shilin.wav,,0,C,低频窄带或缓变型,-1.7713637168254448,0.1974062586396462
Shilin.wav,unlabeled,28,11,2,3,True,0.9384829870763642,36.0107421875,-0.4740311631272076,True,,1.19768,1.2056479999999998,1.198224,1.203368,5.144,9.591478343403754,-12.724820069481964,37.59765625,44.43359375,33.69140625,10.7421875,34.66796875,39.0625,4.39453125,-1.5502128100082098,0.975609756097561,6.8359375,0.1022184416651725,Shilin.wav,,0,C,低频窄带或缓变型,-1.4911440566726348,-0.3148500447863892
Shilin.wav,unlabeled,12,6,1,3,True,0.9205882352941176,34.1796875,0.0,True,,0.91096,0.91688,0.912208,0.915432,3.224,9.464368827270151,-14.180384309058812,32.2265625,34.1796875,34.66796875,-0.48828125,30.2734375,35.15625,4.8828125,1.0694194043803429,1.0,4.39453125,0.1190946400165557,Shilin.wav,,0,C,低频窄带或缓变型,-2.085521470002873,1.0619620508455636
Shilin.wav,unlabeled,50,23,2,3,True,0.8967133190512652,32.2265625,-3.220801285386126,True,,3.841648,3.84552,3.841552,3.845928,4.376,9.41943742888241,-13.744198188088369,31.73828125,41.015625,39.0625,1.953125,30.76171875,40.52734375,9.765625,-1.2875938949798658,1.0,6.8359375,0.0448263250291347,Shilin.wav,,0,C,低频窄带或缓变型,-1.604598207313035,0.0954761204041247
Shilin.wav,unlabeled,51,23,3,3,True,0.8255486865244076,45.41015625,-3.2390797512648524,True,,3.841648,3.84552,3.839832,3.845928,6.096,9.401158963003684,-13.744198188088369,43.9453125,55.6640625,46.38671875,9.27734375,41.9921875,54.19921875,12.20703125,-1.7485499492295904,0.9791666666666666,4.8828125,0.0493962131440639,Shilin.wav,,1,A,短促宽带下降FM型,-0.2846140435316814,-0.3800265587757216
Shilin.wav,unlabeled,9,5,1,3,True,0.95,36.9873046875,0.0,True,,0.8638560000000001,0.8677279999999999,0.86236,0.86704,4.68,9.176237700176795,-10.0,37.59765625,28.80859375,35.15625,-6.34765625,33.203125,40.52734375,7.32421875,1.2326771865924355,1.0,5.37109375,0.0573492795228958,Shilin.wav,,0,C,低频窄带或缓变型,-1.8328437249983536,1.4795336899196532
Shilin.wav,unlabeled,4,2,1,3,True,0.925,24.2919921875,0.0,True,,0.6180960000000001,0.624016,0.61864,0.622824,4.184,9.068923414623129,-18.79889397340584,35.15625,36.62109375,22.94921875,13.671875,31.73828125,36.62109375,4.8828125,-4.568201972839025,1.0,7.8125,0.1233455389738082,Shilin.wav,,1,A,短促宽带下降FM型,-1.989448806634644,-1.405378700408847
Shilin.wav,unlabeled,5,2,2,3,True,0.9050489934028384,28.3203125,-0.0192748042708599,True,,0.6180960000000001,0.624016,0.619408,0.622824,3.4160000000000004,9.049648610352268,-18.79889397340584,31.73828125,31.73828125,28.3203125,3.41796875,29.78515625,34.66796875,4.8828125,-1.639528006715511,1.0,7.32421875,0.1144494041800499,Shilin.wav,,0,C,低频窄带或缓变型,-2.2321545093466364,0.0034110917293298
Shilin.wav,unlabeled,8,4,1,1,False,1.0,,0.0,True,,0.8177760000000001,0.825744,0.817432,0.82212,4.688000000000001,8.857822817044584,-14.722459249114188,35.15625,52.24609375,33.203125,19.04296875,28.80859375,87.890625,59.08203125,-3.7884700914421785,1.0,7.8125,0.212764099240303,Shilin.wav,,2,D,复杂、中间或混合声型,-0.1535725955693466,-2.9433880717741188
Shilin.wav,unlabeled,41,17,1,1,False,1.0,,0.0,True,,2.4838240000000003,2.4887200000000003,2.482264,2.487912,5.648000000000001,8.846601893145017,-10.16737404662152,34.1796875,20.5078125,36.1328125,-15.625,22.94921875,49.8046875,26.85546875,-2.226496559514985,1.0,32.2265625,0.0893754437565803,Shilin.wav,,0,C,低频窄带或缓变型,-1.7015283813739337,-0.254383716443745
Shilin.wav,unlabeled,24,10,1,3,True,0.9142857142857144,34.1796875,0.0,True,,1.0911840000000002,1.0950559999999998,1.09128,1.09508,3.8,8.316796384855245,-10.0,33.69140625,36.62109375,34.66796875,1.953125,32.2265625,37.109375,4.8828125,-0.3301261927315086,1.0,1.953125,0.0685721859335899,Shilin.wav,,0,C,低频窄带或缓变型,-1.8935766196252464,0.6422036468011785
Shilin.wav,unlabeled,18,8,1,3,True,0.959090909090909,34.912109375,0.0,True,,1.029744,1.033616,1.028816,1.033952,5.136,7.880289163723646,-10.0,34.1796875,53.7109375,25.390625,28.3203125,31.25,41.015625,9.765625,-6.4599357447525785,0.975609756097561,12.20703125,0.0491194017231464,Shilin.wav,,1,A,短促宽带下降FM型,-1.4085781132075292,-3.094951032455391
Shilin.wav,unlabeled,42,18,1,1,False,1.0,,0.0,True,,2.640496,2.64744,2.639576,2.646248,6.672,7.873775610636912,-12.86497841394528,35.15625,54.6875,34.66796875,20.01953125,29.78515625,48.828125,19.04296875,-2.8550249975432367,1.0,5.859375,0.1293366998434066,Shilin.wav,,1,A,短促宽带下降FM型,-0.9971453590626812,-1.5723143613393809
Shilin.wav,unlabeled,39,16,2,3,True,0.886353692424886,38.0859375,-4.442453396045968,True,,1.464944,1.471888,1.464408,1.469096,4.688000000000001,7.704014810730596,-12.886638592146465,38.0859375,44.43359375,37.109375,7.32421875,35.15625,44.43359375,9.27734375,-1.6613558266840005,1.0,6.34765625,0.0721861496567726,Shilin.wav,,0,C,低频窄带或缓变型,-1.2287260242385265,-0.2801695286503622
Shilin.wav,unlabeled,10,5,2,3,True,0.9081498775295258,45.41015625,-1.7865110223426797,True,,0.8638560000000001,0.8677279999999999,0.862544,0.867168,4.624,7.3897266778341155,-10.0,45.41015625,54.6875,39.0625,15.625,43.9453125,54.6875,10.7421875,-3.092997782939185,1.0,6.34765625,0.0457600057125091,Shilin.wav,,1,A,短促宽带下降FM型,-0.3458051455786901,-1.2229133708411122
Shilin.wav,unlabeled,1,1,1,3,True,0.9633138020833334,36.376953125,0.0,True,,0.53208,0.538,0.531984,0.536808,4.824,7.342500619111462,-17.923665832756885,34.66796875,36.62109375,36.1328125,0.48828125,32.2265625,36.62109375,4.39453125,-0.059923386191307,0.868421052631579,0.9765625,0.1289758384227752,Shilin.wav,,0,C,低频窄带或缓变型,-2.1491705680195383,0.9949606791278384
Shilin.wav,unlabeled,43,19,1,1,False,1.0,,0.0,True,,2.794096,2.798992,2.79292,2.798504,5.5840000000000005,7.053791493468413,-10.0,35.15625,47.8515625,31.73828125,16.11328125,24.90234375,46.38671875,21.484375,-2.977560740948724,1.0,5.37109375,0.0903800353407859,Shilin.wav,,1,A,短促宽带下降FM型,-1.41299429509721,-1.4472950778087377
Shilin.wav,unlabeled,15,7,1,3,True,0.94375,34.3017578125,0.0,True,,0.959088,0.960912,0.956888,0.962536,5.648000000000001,6.879589563065037,-10.0,34.66796875,22.94921875,35.64453125,-12.6953125,31.25,39.0625,7.8125,3.054177282224501,0.9777777777777776,6.8359375,0.0360945649445056,Shilin.wav,,0,C,低频窄带或缓变型,-2.127956677210988,2.3739585132179544
Shilin.wav,unlabeled,46,22,1,3,True,0.9289473684210524,41.015625,0.0,True,,3.080816,3.084688,3.079064,3.086824,7.760000000000001,6.707016297572235,-10.0,39.0625,48.828125,41.015625,7.8125,38.0859375,49.8046875,11.71875,-0.6499711575803124,1.0,5.37109375,0.0454233512282371,Shilin.wav,,0,C,低频窄带或缓变型,-0.741554236110624,0.0765111752131169
Shilin.wav,unlabeled,32,13,2,3,True,0.8450331380068568,37.353515625,-4.600863733229049,True,,1.344112,1.3510559999999998,1.344208,1.34768,3.472,6.676830154416114,-11.427891026809473,37.109375,21.97265625,48.33984375,-26.3671875,35.15625,39.55078125,4.39453125,6.017440404647441,0.9285714285714286,15.13671875,0.0620162263512611,Shilin.wav,,0,C,低频窄带或缓变型,-1.922510870970019,3.7638660985588337
Shilin.wav,unlabeled,13,6,2,3,True,0.8891856315194515,38.330078125,-2.826234339719948,True,,0.91096,0.91688,0.910672,0.915432,4.760000000000001,6.6381344875502055,-14.180384309058812,37.59765625,47.8515625,40.0390625,7.8125,35.15625,46.38671875,11.23046875,-2.004117861693929,0.9736842105263158,6.8359375,0.0823377445340156,Shilin.wav,,0,C,低频窄带或缓变型,-1.10267226809519,-0.4616625792135067
Shilin.wav,unlabeled,16,7,2,3,True,0.9358623302560302,31.6162109375,-0.7098902769572734,True,,0.959088,0.960912,0.957712,0.962536,4.824,6.169699286107764,-10.0,40.0390625,43.9453125,27.83203125,16.11328125,24.90234375,42.96875,18.06640625,-5.607188963223092,0.9736842105263158,12.6953125,0.0354123339056968,Shilin.wav,,1,A,短促宽带下降FM型,-1.5507102153028447,-2.3159836768587327
Shilin.wav,unlabeled,47,22,2,3,True,0.9229029945845868,36.2548828125,-0.5439936452819126,True,,3.080816,3.084688,3.080272,3.086824,6.552,6.163022652290322,-10.0,34.1796875,34.66796875,33.69140625,0.9765625,32.71484375,38.0859375,5.37109375,-0.6242731467587014,0.9615384615384616,7.8125,0.0481021888554096,Shilin.wav,,0,C,低频窄带或缓变型,-1.8451385084926044,0.5795700086123011
Shilin.wav,unlabeled,17,7,3,3,True,0.9017227086267088,46.5087890625,-0.744956223596216,True,,0.959088,0.960912,0.957072,0.961184,4.112,6.134633339468821,-10.0,45.8984375,53.22265625,41.50390625,11.71875,43.9453125,52.24609375,8.30078125,-2.579255537553262,1.0,5.37109375,0.0377132482826709,Shilin.wav,,1,A,短促宽带下降FM型,-0.4189609876326733,-0.7664800575421097
Shilin.wav,unlabeled,44,20,1,1,False,1.0,,0.0,True,,2.868848,2.87272,2.866648,2.873256,6.6080000000000005,5.996315634264247,-10.0,33.69140625,46.38671875,35.15625,11.23046875,25.87890625,45.8984375,20.01953125,-1.4215959672545944,1.0,3.90625,0.0702305063605308,Shilin.wav,,0,C,低频窄带或缓变型,-1.4032233679069162,-0.5849339804862177
Shilin.wav,unlabeled,19,8,2,3,True,0.9299859345124452,44.189453125,-2.6194477120617474,True,,1.029744,1.033616,1.028944,1.034344,5.4,5.260841451661898,-10.0,45.41015625,47.8515625,40.52734375,7.32421875,40.52734375,47.8515625,7.32421875,-1.4528339631389733,1.0,4.8828125,0.0384312346577644,Shilin.wav,,0,C,低频窄带或缓变型,-0.7215187300001873,-0.0737771444367195
Shilin.wav,unlabeled,53,25,1,1,False,1.0,,0.0,True,,33.882836,33.885684,33.88134,33.885836,4.496,5.260239822744529,-10.0,33.203125,32.71484375,37.109375,-4.39453125,31.25,38.57421875,7.32421875,1.4978946405948408,1.0,2.44140625,0.0374836884438991,Shilin.wav,,0,C,低频窄带或缓变型,-1.9223427741891024,1.4940850574783726
Shilin.wav,unlabeled,30,12,1,1,False,1.0,,0.0,True,,1.219184,1.2220319999999998,1.217304,1.222696,5.392,5.109903320749227,-10.0,36.1328125,53.7109375,34.66796875,19.04296875,30.76171875,48.33984375,17.578125,-3.50592684364146,1.0,6.34765625,0.0696942284703254,Shilin.wav,,1,A,短促宽带下降FM型,-1.0288289569257798,-1.723118780035779
Shilin.wav,unlabeled,45,21,1,1,False,1.0,,0.0,True,,2.942576,2.947472,2.940888,2.947944,7.056,4.986970990105911,-10.0,37.109375,48.33984375,36.1328125,12.20703125,22.94921875,46.38671875,23.4375,-1.539828756127711,1.0,5.37109375,0.079085424542427,Shilin.wav,,0,C,低频窄带或缓变型,-1.2688203749914502,-0.7953237801737305
Shilin.wav,unlabeled,37,15,1,1,False,1.0,,0.0,True,,1.408624,1.4114719999999998,1.406424,1.413672,7.248,4.937818104090619,-10.0,22.4609375,26.3671875,20.99609375,5.37109375,20.01953125,27.83203125,7.8125,-0.2507196673155128,1.0,4.39453125,0.0604147911071777,Shilin.wav,,0,C,低频窄带或缓变型,-2.964120048462398,0.4528888345108608
Shilin.wav,unlabeled,34,14,1,3,True,0.9267441860465117,23.681640625,0.0,True,,1.393264,1.4012319999999998,1.391768,1.399272,7.504,4.926584442923437,-10.0,23.92578125,23.4375,22.94921875,0.48828125,20.5078125,24.90234375,4.39453125,0.1533905154149601,1.0,5.859375,0.0511279553174972,Shilin.wav,,0,C,低频窄带或缓变型,-3.010073200253024,0.9270485237963766
Shilin.wav,unlabeled,20,8,3,3,True,0.7618673249486675,35.64453125,-3.022849845529016,True,,1.029744,1.033616,1.030736,1.034344,3.608,4.857439318194629,-10.0,37.59765625,37.59765625,33.69140625,3.90625,33.69140625,39.0625,5.37109375,-1.2928629156403944,1.0,2.9296875,0.038379218429327,Shilin.wav,,0,C,低频窄带或缓变型,-1.711748037891261,0.2148459849676547
Shilin.wav,unlabeled,35,14,2,3,True,0.875787358986519,24.4140625,-0.2331917452673372,True,,1.393264,1.4012319999999998,1.393104,1.399272,6.168,4.693392697656099,-10.0,20.99609375,29.296875,29.296875,0.0,20.5078125,27.83203125,7.32421875,-0.8965283955794782,0.979591836734694,7.8125,0.0509597808122634,Shilin.wav,,0,C,低频窄带或缓变型,-2.8037759951181487,0.450518966213867
Shilin.wav,unlabeled,33,13,3,3,True,0.8505697154402341,33.935546875,-6.698725610378929,True,,1.344112,1.3510559999999998,1.343952,1.34704,3.088,4.578968277266235,-11.427891026809473,33.69140625,48.33984375,33.69140625,14.6484375,30.76171875,48.33984375,17.578125,-6.769620455228375,1.0,11.71875,0.0486256368458271,Shilin.wav,,1,A,短促宽带下降FM型,-1.2259393181673006,-2.621699583133593
Shilin.wav,unlabeled,25,10,2,3,True,0.8719857309857839,43.45703125,-3.806998496993741,True,,1.0911840000000002,1.0950559999999998,1.0902,1.09508,4.88,4.509797887861504,-10.0,43.45703125,53.22265625,38.57421875,14.6484375,36.62109375,49.31640625,12.6953125,-2.449437191611838,1.0,6.8359375,0.0456881932914257,Shilin.wav,,1,A,短促宽带下降FM型,-0.6967580753303497,-1.053841173953431
Shilin.wav,unlabeled,52,24,1,1,False,1.0,,0.0,True,,33.507028,33.514996000000004,33.505148,33.516364,11.216,4.404728426467704,-10.0,25.390625,21.97265625,25.87890625,-3.90625,20.99609375,28.80859375,7.8125,0.1924748629145792,1.0,5.37109375,0.0373392179608345,Shilin.wav,,0,C,低频窄带或缓变型,-2.712048365771219,1.328135186725326
Shilin.wav,unlabeled,2,1,2,3,True,0.9291380688566744,32.2265625,-3.075815990399309,True,,0.53208,0.538,0.53352,0.536608,3.088,4.266684628712152,-17.923665832756885,31.73828125,31.73828125,31.25,0.48828125,29.296875,32.71484375,3.41796875,-0.153578721083604,0.84,0.48828125,0.1035813242197036,Shilin.wav,,0,C,低频窄带或缓变型,-2.7180287919101,0.9516426080911502
Shilin.wav,unlabeled,26,10,3,3,True,0.8256647024899878,28.3203125,-4.118748204472532,True,,1.0911840000000002,1.0950559999999998,1.0902,1.09508,4.88,4.198048180382712,-10.0,38.57421875,32.2265625,21.97265625,10.25390625,21.97265625,40.0390625,18.06640625,-2.3652667458723435,1.0,16.6015625,0.0301862750202417,Shilin.wav,,0,C,低频窄带或缓变型,-2.044071861929012,-1.1918787453711832
Shilin.wav,unlabeled,22,9,2,3,True,0.8846368114462251,30.2734375,-5.617981087486802,True,,1.057392,1.067408,1.058064,1.062048,3.984,4.057205012069218,-11.263180449040464,30.76171875,26.3671875,30.2734375,-3.90625,27.34375,32.2265625,4.8828125,2.0088233384005574,0.90625,8.30078125,0.0906945466995239,Shilin.wav,,0,C,低频窄带或缓变型,-2.6929462458203384,1.5149595770681104
Tuqi.wav,unlabeled,35,25,1,3,True,1.0,67.138671875,0.0,True,,32.307,32.317015999999995,32.306272,32.31544,9.168,18.70682483766046,-14.787245819943587,67.3828125,65.91796875,60.05859375,5.859375,61.5234375,67.87109375,6.34765625,-0.5907027681078225,1.0,3.41796875,0.1536549180746078,Tuqi.wav,,3,B,高频窄带或CF型,1.5930105532993812,0.5335716204234185
Tuqi.wav,unlabeled,48,30,1,3,True,0.9916666666666668,66.89453125,0.0,True,,32.513848,32.520792,32.512352,32.520488,8.136,17.13390257976581,-12.139467714562208,66.89453125,66.40625,62.98828125,3.41796875,63.96484375,67.3828125,3.41796875,-0.1978088211227219,1.0,3.41796875,0.0681414753198623,Tuqi.wav,,3,B,高频窄带或CF型,1.6394506445300083,0.815163001391562
Tuqi.wav,unlabeled,49,30,2,3,True,0.9747065455923704,49.31640625,-0.0673199875957564,True,,32.513848,32.520792,32.512536,32.521,8.463999999999999,17.066582592170054,-12.139467714562208,48.828125,49.8046875,60.546875,-10.7421875,48.33984375,60.546875,12.20703125,1.1790915751420603,0.9402985074626866,11.23046875,0.0689714401960372,Tuqi.wav,,0,C,低频窄带或缓变型,0.2581995800758602,1.612339356105126
Tuqi.wav,unlabeled,31,23,1,3,True,1.0,48.33984375,0.0,True,,32.239416,32.245336,32.238552,32.245352,6.8,15.74867580810012,-10.878860600986592,48.33984375,48.33984375,53.7109375,-5.37109375,47.36328125,51.26953125,3.90625,0.4366981167466991,0.925925925925926,1.953125,0.0638619884848594,Tuqi.wav,,0,C,低频窄带或缓变型,-0.3531091226421722,1.5418326334768222
Tuqi.wav,unlabeled,38,26,1,3,True,1.0,67.138671875,0.0,True,,32.356152,32.36412,32.354784,32.36312,8.336,15.406968300252522,-11.983117415384193,67.3828125,66.40625,65.91796875,0.48828125,62.01171875,67.87109375,5.859375,-0.3344479389547031,1.0,3.90625,0.0789063349366188,Tuqi.wav,,3,B,高频窄带或CF型,1.6991417434264924,0.8868557006680023
Tuqi.wav,unlabeled,32,23,2,3,True,0.9937200176077204,67.138671875,-0.5651984153051806,True,,32.239416,32.245336,32.23824,32.245744,7.504,15.18347739279494,-10.878860600986592,67.3828125,66.40625,61.5234375,4.8828125,61.5234375,67.87109375,6.34765625,-0.5854701940111815,1.0,3.90625,0.0588861145079135,Tuqi.wav,,3,B,高频窄带或CF型,1.5755679486338887,0.4951636100943228
Tuqi.wav,unlabeled,20,18,1,3,True,1.0,67.3828125,0.0,True,,32.014136,32.019032,32.012576,32.020528,7.952000000000001,15.088741635288017,-10.0,67.3828125,66.89453125,65.4296875,1.46484375,66.40625,67.87109375,1.46484375,-0.1124879881656682,0.984126984126984,0.48828125,0.0582828633487224,Tuqi.wav,,3,B,高频窄带或CF型,1.6920599923119246,1.113675067163718
Tuqi.wav,unlabeled,50,30,3,3,True,0.9626580008655596,30.76171875,-2.610779922099641,True,,32.513848,32.520792,32.512352,32.520104,7.752,14.523122657666168,-12.139467714562208,30.2734375,22.4609375,33.203125,-10.7421875,24.4140625,34.1796875,9.765625,0.4199452783108144,0.9836065573770492,9.765625,0.0565218590199947,Tuqi.wav,,0,C,低频窄带或缓变型,-2.3794271392915745,1.467684856335633
Tuqi.wav,unlabeled,39,26,2,3,True,0.9878101710150142,48.7060546875,-1.0970846086487254,True,,32.356152,32.36412,32.354784,32.362792,8.008,14.309883691603796,-11.983117415384193,48.33984375,38.0859375,58.59375,-20.5078125,46.38671875,53.22265625,6.8359375,0.8985014077786255,0.9682539682539684,11.71875,0.0708018019795417,Tuqi.wav,,0,C,低频窄带或缓变型,-0.234496990379291,2.2527604606340925
Tuqi.wav,unlabeled,10,10,1,1,False,1.0,,0.0,True,,0.953968,0.955792,0.952216,0.954792,2.576,14.167947999294086,-14.143755776239558,42.48046875,22.4609375,43.9453125,-21.484375,40.0390625,43.9453125,3.90625,3.007170441862828,1.0,20.99609375,0.0908643826842308,Tuqi.wav,,0,C,低频窄带或缓变型,-1.4437654003168798,2.386285170941704
Tuqi.wav,unlabeled,36,25,2,3,True,0.935940307213434,48.33984375,-5.76537235079094,True,,32.307,32.317015999999995,32.306272,32.31428,8.008,12.94145248686952,-14.787245819943587,47.8515625,49.8046875,54.19921875,-4.39453125,44.921875,53.22265625,8.30078125,0.1793405883144611,0.9523809523809524,3.41796875,0.0885613113641738,Tuqi.wav,,0,C,低频窄带或缓变型,-0.1867903036485103,1.2800073373664955
Tuqi.wav,unlabeled,28,22,1,3,True,1.0,66.89453125,0.0,True,,32.212792,32.217687999999995,32.210912,32.218152,7.24,12.75542739720701,-10.0,66.89453125,65.91796875,60.05859375,5.859375,60.05859375,67.3828125,7.32421875,-0.7570726938306352,0.9824561403508772,2.44140625,0.0589153245091438,Tuqi.wav,,1,A,短促宽带下降FM型,1.4207574242200196,0.4113440307893928
Tuqi.wav,unlabeled,45,29,1,3,True,1.0,66.89453125,0.0,True,,32.485176,32.49212,32.483808,32.492528,8.72,12.716634519857015,-10.0,66.89453125,66.40625,66.89453125,-0.48828125,62.01171875,67.3828125,5.37109375,-0.2351258416919746,1.0,6.34765625,0.0581989921629428,Tuqi.wav,,3,B,高频窄带或CF型,1.7316426338284825,0.9201114353415234
Tuqi.wav,unlabeled,51,31,1,3,True,1.0,66.89453125,0.0,True,,32.55788,32.567896,32.5576,32.566128,8.528,12.583347195769525,-10.182452957543571,66.89453125,66.40625,65.91796875,0.48828125,64.94140625,67.87109375,2.9296875,0.0353184518167747,1.0,6.8359375,0.0791108459234237,Tuqi.wav,,3,B,高频窄带或CF型,1.7718071389401773,0.9743810897438387
Tuqi.wav,unlabeled,42,28,1,3,True,1.0,66.650390625,0.0,True,,32.459576,32.46652,32.458016,32.466288,8.272,12.505918694521856,-10.0,66.89453125,66.40625,60.546875,5.859375,60.05859375,67.3828125,7.32421875,-0.624389915199546,1.0,3.90625,0.0626320615410804,Tuqi.wav,,3,B,高频窄带或CF型,1.535916582476252,0.4336610443746511
Tuqi.wav,unlabeled,46,29,2,3,True,0.9946242248642452,49.31640625,-0.4838197622179402,True,,32.485176,32.49212,32.484376,32.49156,7.184,12.232814757639074,-10.0,49.31640625,50.29296875,51.7578125,-1.46484375,48.828125,50.29296875,1.46484375,-0.0588889800868346,0.9473684210526316,2.44140625,0.0582038648426532,Tuqi.wav,,0,C,低频窄带或缓变型,-0.2438880284399402,1.2148563271846138
Tuqi.wav,unlabeled,43,28,2,3,True,0.9957327221235558,49.8046875,-0.3840550088799818,True,,32.459576,32.46652,32.458016,32.46564,7.624,12.121863685641872,-10.0,49.8046875,39.55078125,52.734375,-13.18359375,49.31640625,50.78125,1.46484375,0.7577998382419109,0.9666666666666668,10.25390625,0.0597145371139049,Tuqi.wav,,0,C,低频窄带或缓变型,-0.3217763217953251,1.937663968271819
Tuqi.wav,unlabeled,2,2,1,1,False,1.0,,0.0,True,,0.226928,0.254352,0.225048,0.255208,30.16,11.928646372249874,-10.0,46.875,46.875,42.48046875,4.39453125,44.43359375,47.36328125,2.9296875,-0.0372315511858595,1.0,2.9296875,0.0704885646700859,Tuqi.wav,,0,C,低频窄带或缓变型,0.279811952064305,1.891863401031341
Tuqi.wav,unlabeled,52,31,2,3,True,0.9917882306436444,49.072265625,-0.7390592420720075,True,,32.55788,32.567896,32.557912,32.566128,8.216,11.844287953697515,-10.182452957543571,48.828125,49.8046875,60.546875,-10.7421875,46.38671875,55.17578125,8.7890625,0.562335981990827,0.9846153846153848,6.8359375,0.0764555111527443,Tuqi.wav,,0,C,低频窄带或缓变型,0.1503428141000072,1.6367605910817773
Tuqi.wav,unlabeled,29,22,2,3,True,0.9181106546899906,49.072265625,-1.0700410779008402,True,,32.212792,32.217687999999995,32.211352,32.21816,6.808,11.685386319306168,-10.0,48.33984375,49.31640625,60.05859375,-10.7421875,47.8515625,53.7109375,5.859375,1.5906242162821222,0.9629629629629628,6.8359375,0.0506509393453598,Tuqi.wav,,0,C,低频窄带或缓变型,-0.0110992598971439,1.9394807881763283
Tuqi.wav,unlabeled,40,26,3,3,True,0.9572559335970454,30.1513671875,-3.846965976265916,True,,32.356152,32.36412,32.354784,32.36312,8.336,11.560002323986604,-11.983117415384193,29.296875,33.69140625,33.203125,0.48828125,22.94921875,34.1796875,11.23046875,0.0893453779778993,1.0,1.953125,0.0620283931493759,Tuqi.wav,,0,C,低频窄带或缓变型,-2.167563626698933,0.8900087659463781
Tuqi.wav,unlabeled,6,6,1,1,False,1.0,,0.0,True,,0.476784,0.504208,0.477272,0.497448,20.176,11.310129561722336,-10.0,46.875,42.48046875,46.875,-4.39453125,43.45703125,78.125,34.66796875,0.079161847014563,0.9936708860759492,2.9296875,0.1570317298173904,Tuqi.wav,,2,D,复杂、中间或混合声型,0.6328220104886942,1.184480512875872
Tuqi.wav,unlabeled,34,24,1,1,False,1.0,,0.0,True,,32.277304,32.281176,32.275488,32.282352,6.864,10.927485138438586,-10.0,66.89453125,66.89453125,66.40625,0.48828125,32.2265625,84.47265625,52.24609375,-0.0844802405690232,1.0,0.48828125,0.0654745027422905,Tuqi.wav,,2,D,复杂、中间或混合声型,1.502295540862905,-0.2341127030320351
Tuqi.wav,unlabeled,77,47,1,3,True,0.9357142857142856,50.29296875,0.0,True,,34.624312,34.628184,34.623584,34.626992,3.408,10.782335490200303,-10.0,49.8046875,30.2734375,48.33984375,-18.06640625,47.36328125,53.22265625,5.859375,4.823100144755415,1.0,13.18359375,0.0527210384607315,Tuqi.wav,,0,C,低频窄带或缓变型,-0.7041627116575476,2.9294044319375305
Tuqi.wav,unlabeled,17,17,1,3,True,1.0,67.626953125,0.0,True,,31.961912,31.967832,31.960224,31.968488,8.264000000000001,10.740889812903854,-10.0,67.3828125,66.89453125,66.89453125,0.0,65.91796875,67.87109375,1.953125,-0.0721924788468355,1.0,0.48828125,0.0545572936534881,Tuqi.wav,,3,B,高频窄带或CF型,1.7619059266786603,1.20552820370399
Tuqi.wav,unlabeled,84,50,1,1,False,1.0,,0.0,True,,34.675512,34.706008,34.681888,34.686192,4.303999999999999,10.614635948981604,-10.95784965633668,41.9921875,43.9453125,37.109375,6.8359375,34.1796875,44.43359375,10.25390625,-0.9261350580715236,1.0,3.90625,0.255069226026535,Tuqi.wav,,0,C,低频窄带或缓变型,-1.217644820263461,-0.0005079587463256
Tuqi.wav,unlabeled,78,47,2,3,True,0.8187499777496056,54.19921875,-0.735578925612427,True,,34.624312,34.628184,34.623584,34.62596,2.376,10.046756564587875,-10.0,52.734375,55.17578125,53.7109375,1.46484375,50.78125,56.15234375,5.37109375,-0.97709789610745,1.0,2.44140625,0.0559528321027755,Tuqi.wav,,0,C,低频窄带或缓变型,0.1307103507918529,0.4092050472724521
Tuqi.wav,unlabeled,5,5,1,1,False,1.0,,0.0,True,,0.319088,0.334224,0.317912,0.333928,16.016,9.867363146023123,-10.0,46.875,46.875,42.96875,3.90625,41.9921875,47.36328125,5.37109375,-0.1353094718140714,1.0,1.953125,0.0604386553168296,Tuqi.wav,,0,C,低频窄带或缓变型,-0.2950197917258442,1.1716823934368756
Tuqi.wav,unlabeled,37,25,3,3,True,0.8930075591057707,30.76171875,-9.629319680480648,True,,32.307,32.317015999999995,32.306272,32.313896,7.624,9.07750515717981,-14.787245819943587,30.2734375,29.296875,33.203125,-3.90625,23.4375,35.15625,11.71875,-0.1939676575741525,1.0,8.30078125,0.0823062285780906,Tuqi.wav,,0,C,低频窄带或缓变型,-2.179807512529472,0.8377619041725971
Tuqi.wav,unlabeled,27,21,1,1,False,1.0,,0.0,True,,32.188216,32.192088,32.186016,32.19352,7.504,8.911528030729917,-10.0,66.89453125,65.91796875,59.5703125,6.34765625,40.52734375,82.51953125,41.9921875,-0.7537984485726575,1.0,7.32421875,0.063663937151432,Tuqi.wav,,2,D,复杂、中间或混合声型,1.5424191632243978,-0.6996584370386978
Tuqi.wav,unlabeled,54,32,1,1,False,1.0,,0.0,True,,32.586552,32.592472,32.584352,32.594672,10.32,8.763936898283466,-10.0,67.3828125,66.89453125,59.5703125,7.32421875,33.69140625,82.03125,48.33984375,-0.8011036556695348,1.0,2.9296875,0.0659272372722625,Tuqi.wav,,2,D,复杂、中间或混合声型,1.5053230438582594,-0.6595944767685207
Tuqi.wav,unlabeled,53,31,3,3,True,0.9550661885978264,30.76171875,-4.044043026195635,True,,32.55788,32.567896,32.558424,32.565864,7.44,8.539304169573889,-10.182452957543571,30.2734375,33.203125,32.2265625,0.9765625,22.94921875,37.109375,14.16015625,-0.181487412041014,0.9661016949152542,1.46484375,0.063947781920433,Tuqi.wav,,0,C,低频窄带或缓变型,-2.2195608780315936,0.7125882278932141
Tuqi.wav,unlabeled,21,18,2,3,True,0.9256377574606988,48.095703125,-6.692601828537125,True,,32.014136,32.019032,32.013272,32.018536,5.263999999999999,8.396139806750892,-10.0,47.8515625,48.33984375,47.8515625,0.48828125,47.36328125,48.828125,1.46484375,-0.0313056455763053,0.9047619047619048,2.9296875,0.0342979505658149,Tuqi.wav,,0,C,低频窄带或缓变型,-0.6355584180936866,1.022470567932457
Tuqi.wav,unlabeled,96,56,1,1,False,1.0,,0.0,True,,35.101496,35.11356,35.100576,35.113328,12.752,8.310097478991993,-10.0,46.875,56.640625,45.8984375,10.7421875,42.48046875,62.01171875,19.53125,-0.4178884685343531,1.0,6.34765625,0.0887268111109733,Tuqi.wav,,1,A,短促宽带下降FM型,0.3006450805746771,-0.0305340646566837
Tuqi.wav,unlabeled,98,58,1,3,True,0.971875,44.921875,0.0,True,,35.1742,35.181144,35.172704,35.182888,10.184,8.285417266921831,-10.0,47.8515625,79.1015625,41.50390625,37.59765625,38.57421875,73.2421875,34.66796875,-2.777682633898486,1.0,18.5546875,0.0423346534371376,Tuqi.wav,,1,A,短促宽带下降FM型,1.0387642489896558,-3.334140194890712
Tuqi.wav,unlabeled,33,23,3,3,True,0.904639696769434,85.693359375,-7.640566825634662,True,,32.239416,32.245336,32.23824,32.245224,6.984,8.10810898246546,-10.878860600986592,86.42578125,68.84765625,79.58984375,-10.7421875,80.078125,89.84375,9.765625,0.5347732169631467,1.0,13.18359375,0.0287796035408973,Tuqi.wav,,3,B,高频窄带或CF型,3.365166342158107,1.3980173481711229
Tuqi.wav,unlabeled,70,44,1,3,True,0.9307692307692308,45.41015625,0.0,True,,34.510648,34.51452,34.508448,34.515816,7.368,8.08181951774286,-10.0,44.921875,55.6640625,53.7109375,1.953125,40.52734375,50.29296875,9.765625,-1.1856023715758288,0.9827586206896552,8.7890625,0.0405072085559368,Tuqi.wav,,0,C,低频窄带或缓变型,-0.1572088601812394,0.2106398999983618
Tuqi.wav,unlabeled,41,27,1,1,False,1.0,,0.0,True,,32.39916,32.403032,32.39696,32.404976,8.016,8.079620274203998,-10.0,67.3828125,59.5703125,59.5703125,0.0,40.0390625,85.9375,45.8984375,-0.393335720361101,1.0,7.32421875,0.0656000450253486,Tuqi.wav,,2,D,复杂、中间或混合声型,1.494078082212631,-0.2632353237365352
Tuqi.wav,unlabeled,79,47,3,3,True,0.9055633082241108,43.45703125,-2.713587974115738,True,,34.624312,34.628184,34.623584,34.626856,3.272,8.068747516084565,-10.0,43.9453125,58.10546875,41.015625,17.08984375,38.0859375,46.38671875,8.30078125,-4.477215628338675,1.0,10.25390625,0.0483409203588962,Tuqi.wav,,1,A,短促宽带下降FM型,-0.571209634551983,-1.8513529107325064
Tuqi.wav,unlabeled,15,15,1,1,False,1.0,,0.0,True,,1.36152,1.370512,1.35932,1.372712,13.392,7.775217837791544,-10.0,46.38671875,45.8984375,46.38671875,-0.48828125,41.015625,46.875,5.859375,0.0117454394348997,1.0,0.48828125,0.0515550039708614,Tuqi.wav,,0,C,低频窄带或缓变型,-0.4066643743657479,1.3915751518467117
Tuqi.wav,unlabeled,80,48,1,3,True,0.959090909090909,48.828125,0.0,True,,34.629432,34.636376,34.630808,34.638576,7.768,7.569810131125676,-10.0,49.31640625,48.828125,40.52734375,8.30078125,41.50390625,51.7578125,10.25390625,-1.2474927493720251,1.0,7.32421875,0.0436177924275398,Tuqi.wav,,0,C,低频窄带或缓变型,-0.3838313672565626,-0.1125421463586941
Tuqi.wav,unlabeled,26,20,1,1,False,1.0,,0.0,True,,32.164664,32.167512,32.162464,32.168816,6.352,7.508995818931485,-10.0,66.89453125,66.89453125,59.5703125,7.32421875,33.203125,79.58984375,46.38671875,-1.1369904407075346,1.0,3.90625,0.0586939565837383,Tuqi.wav,,2,D,复杂、中间或混合声型,1.2877549467525196,-0.9301452697704664
Tuqi.wav,unlabeled,12,12,1,1,False,1.0,,0.0,True,,1.04408,1.0684319999999998,1.04188,1.0698,27.92,7.382807776086539,-10.0,46.875,46.38671875,46.875,-0.48828125,42.96875,47.36328125,4.39453125,0.0032338654027832,1.0,0.48828125,0.0704218223690986,Tuqi.wav,,0,C,低频窄带或缓变型,0.22005044371092,2.138792234264148
Tuqi.wav,unlabeled,23,19,1,3,True,0.8615384615384616,23.193359375,0.0,True,,32.072504,32.078424,32.070872,32.080624,9.752,7.364638011200217,-10.0,22.94921875,36.1328125,25.390625,10.7421875,20.99609375,35.15625,14.16015625,-1.2891747245866845,0.987012987012987,10.25390625,0.0339732393622398,Tuqi.wav,,0,C,低频窄带或缓变型,-2.29706030068652,-0.4225137650328272
Tuqi.wav,unlabeled,81,48,2,3,True,0.9173210201649024,51.513671875,-0.2411081851587824,True,,34.629432,34.636376,34.629784,34.638576,8.792,7.328701945966894,-10.0,53.7109375,47.36328125,54.19921875,-6.8359375,45.8984375,56.640625,10.7421875,0.0119862610465405,1.0,4.8828125,0.0404076613485813,Tuqi.wav,,0,C,低频窄带或缓变型,0.1516937452708483,1.3030529035107636
Tuqi.wav,unlabeled,57,35,1,1,False,1.0,,0.0,True,,32.698167999999995,32.70204,32.696224,32.703088,6.864,7.275702005931921,-10.0,67.3828125,67.3828125,65.91796875,1.46484375,21.484375,67.87109375,46.38671875,-0.1654707637995544,1.0,0.9765625,0.0705778747797012,Tuqi.wav,,2,D,复杂、中间或混合声型,0.9050068124123264,-0.2008796062194319
Tuqi.wav,unlabeled,7,7,1,1,False,1.0,,0.0,True,,0.564848,0.591248,0.564952,0.575784,10.832,7.192075769884296,-12.467836024362208,46.875,41.9921875,46.875,-4.8828125,40.0390625,47.36328125,7.32421875,0.4628777667044262,1.0,20.5078125,0.127969816327095,Tuqi.wav,,0,C,低频窄带或缓变型,-0.3951000608250561,0.9499943153481906
Tuqi.wav,unlabeled,14,14,1,1,False,1.0,,0.0,True,,1.345136,1.358224,1.343064,1.359656,16.592,7.178112512044005,-10.0,46.38671875,22.4609375,46.38671875,-23.92578125,29.78515625,46.875,17.08984375,0.2694547662288424,1.0,18.5546875,0.0526697188615798,Tuqi.wav,,0,C,低频窄带或缓变型,-0.880802882064615,2.219191739970659
Tuqi.wav,unlabeled,99,58,2,3,True,0.9304099497192956,51.3916015625,-1.2006045252633788,True,,35.1742,35.181144,35.173272,35.178024,4.752,7.084812741658452,-10.0,51.26953125,47.36328125,49.31640625,-1.953125,49.8046875,56.640625,6.8359375,0.0736428043556942,0.9473684210526316,3.90625,0.0424665585160255,Tuqi.wav,,0,C,低频窄带或缓变型,-0.2186250094965777,0.9921606281694652
Tuqi.wav,unlabeled,4,4,1,1,False,1.0,,0.0,True,,0.2771039999999999,0.278928,0.274904,0.280104,5.2,7.061505566306432,-11.734004962131008,42.96875,46.875,42.96875,3.90625,41.015625,47.36328125,6.34765625,-1.5338538831119288,1.0,19.53125,0.0518208779394626,Tuqi.wav,,1,A,短促宽带下降FM型,-0.6212291598569013,-0.3742182847049645
Tuqi.wav,unlabeled,73,45,1,3,True,0.91,54.931640625,0.0,True,,34.567992,34.571864,34.56592,34.574056,8.136,6.985706309498568,-10.0,51.7578125,56.640625,55.17578125,1.46484375,50.29296875,60.546875,10.25390625,-0.7060857919546232,1.0,4.39453125,0.0310545396059751,Tuqi.wav,,0,C,低频窄带或缓变型,0.5077654615299438,0.5639489999763346
Tuqi.wav,unlabeled,97,57,1,1,False,1.0,,0.0,True,,35.127096,35.129944,35.124896,35.132144,7.248,6.9669072421186105,-10.0,52.734375,81.0546875,53.7109375,27.34375,37.109375,81.0546875,43.9453125,-4.311438697219544,1.0,25.390625,0.0567221492528915,Tuqi.wav,,1,A,短促宽带下降FM型,1.5816070567589826,-3.7316074003916015
Tuqi.wav,unlabeled,18,17,2,3,True,0.9579602157143168,47.119140625,-3.783580585711508,True,,31.961912,31.967832,31.960408,31.967336,6.928,6.957309227192345,-10.0,46.875,55.6640625,47.8515625,7.8125,46.38671875,49.8046875,3.41796875,-0.4150830253976602,0.9090909090909092,7.8125,0.0395801253616809,Tuqi.wav,,0,C,低频窄带或缓变型,-0.3500353368294589,0.2992767858472249
Tuqi.wav,unlabeled,71,44,2,3,True,0.8654219832639738,51.025390625,-1.3120215062423477,True,,34.510648,34.51452,34.50876,34.51672,7.96,6.769798011500512,-10.0,49.8046875,52.734375,47.8515625,4.8828125,46.875,57.6171875,10.7421875,-0.6760686590191762,1.0,3.90625,0.0326362363994121,Tuqi.wav,,0,C,低频窄带或缓变型,0.0782826071567866,0.3617101126058549
Tuqi.wav,unlabeled,67,43,1,3,True,0.9307692307692308,51.7578125,0.0,True,,34.439992,34.441816,34.437792,34.44324,5.448,6.631408832106065,-10.0,52.24609375,52.734375,41.9921875,10.7421875,48.33984375,57.6171875,9.27734375,-1.3727610365424945,1.0,8.7890625,0.0344410948455333,Tuqi.wav,,1,A,短促宽带下降FM型,0.0048902088670257,-0.4306849070823842
Tuqi.wav,unlabeled,85,51,1,3,True,0.969296875,50.78125,0.0,True,,34.72876,34.733656,34.726816,34.735152,8.336,6.557545093532095,-10.0,51.26953125,44.43359375,46.875,-2.44140625,42.96875,55.6640625,12.6953125,-0.7178686118277733,1.0,5.37109375,0.0394184552133083,Tuqi.wav,,0,C,低频窄带或缓变型,-0.1985578713111453,0.7462397594838877
Tuqi.wav,unlabeled,88,52,1,3,True,0.906896551724138,50.048828125,0.0,True,,34.765623999999995,34.77052,34.764376,34.769768,5.392,6.5130559479959,-10.0,49.8046875,50.78125,54.6875,-3.90625,46.38671875,55.6640625,9.27734375,0.1310616352503887,0.9767441860465116,4.39453125,0.0415977761149406,Tuqi.wav,,0,C,低频窄带或缓变型,-0.0508277997535654,1.03779952210756
Tuqi.wav,unlabeled,16,16,1,1,False,1.0,,0.0,True,,1.724016,1.735056,1.721816,1.737256,15.44,6.357816451684627,-10.0,46.38671875,45.8984375,46.38671875,-0.48828125,33.69140625,46.875,13.18359375,0.0108533589727866,1.0,0.48828125,0.0535372123122215,Tuqi.wav,,0,C,低频窄带或缓变型,-0.4618726049510963,1.2928449676722555
Tuqi.wav,unlabeled,63,41,1,3,True,0.9871428571428572,51.025390625,0.0,True,,34.271032,34.27388,34.270552,34.27608,5.528,6.2398840516395655,-10.0,50.78125,48.828125,54.19921875,-5.37109375,48.828125,55.6640625,6.8359375,1.1106518163885588,0.9772727272727272,2.9296875,0.0337460599839687,Tuqi.wav,,0,C,低频窄带或缓变型,-0.0611458302317124,1.5256689579005729
Tuqi.wav,unlabeled,74,45,2,3,True,0.9001237546894689,54.0771484375,-0.888862077947794,True,,34.567992,34.571864,34.56592,34.573288,7.368,6.096844231550774,-10.0,62.98828125,63.4765625,43.45703125,20.01953125,40.52734375,63.4765625,22.94921875,-3.937085811813659,1.0,5.859375,0.0272005535662174,Tuqi.wav,,1,A,短促宽带下降FM型,0.6155668964156432,-1.8741696783749453
Tuqi.wav,unlabeled,47,29,3,3,True,0.9161281406131796,84.47265625,-6.721936732568945,True,,32.485176,32.49212,32.484376,32.492456,8.08,5.99469778728807,-10.0,84.47265625,83.0078125,60.546875,22.4609375,79.58984375,86.42578125,6.8359375,-2.0725647650465926,0.953125,12.20703125,0.028263671323657,Tuqi.wav,,3,B,高频窄带或CF型,3.140387854148775,-1.2106113238547016
Tuqi.wav,unlabeled,104,62,1,1,False,1.0,,0.0,True,,35.274552,35.2774,35.272416,35.2796,7.184,5.953421878659681,-10.0,48.33984375,76.171875,45.8984375,30.2734375,34.66796875,77.1484375,42.48046875,-4.141819671797019,1.0,25.87890625,0.0585620403289794,Tuqi.wav,,1,A,短促宽带下降FM型,1.069107014324103,-3.845360271915663
Tuqi.wav,unlabeled,64,41,2,3,True,0.9826252982360536,45.8984375,-0.4065803016123299,True,,34.271032,34.27388,34.268832,34.27608,7.248,5.833303750027236,-10.0,45.41015625,51.7578125,46.875,4.8828125,42.96875,58.10546875,15.13671875,-1.0065875400803344,1.0,6.8359375,0.0304490756243467,Tuqi.wav,,0,C,低频窄带或缓变型,-0.1154556273216879,0.0108277915546839
Tuqi.wav,unlabeled,30,22,3,3,True,0.9213261328477133,85.5712890625,-7.080648043705821,True,,32.212792,32.217687999999995,32.21148,32.217128,5.648000000000001,5.674779353501188,-10.0,85.9375,83.984375,76.66015625,7.32421875,81.0546875,87.40234375,6.34765625,-0.6642788543593624,0.9777777777777776,4.8828125,0.0291606038808822,Tuqi.wav,,3,B,高频窄带或CF型,3.445957405604778,0.2303325876765283
Tuqi.wav,unlabeled,91,53,1,3,True,0.9329787234042553,44.189453125,0.0,True,,34.812728,34.818648,34.812632,34.820584,7.952000000000001,5.663911007324788,-10.0,42.48046875,40.0390625,41.9921875,-1.953125,37.59765625,46.875,9.27734375,0.0152737746527255,0.984126984126984,5.859375,0.0346939675509929,Tuqi.wav,,0,C,低频窄带或缓变型,-0.9746566010066764,0.962511659142272
Tuqi.wav,unlabeled,102,60,1,1,False,1.0,,0.0,True,,35.213111999999995,35.216984,35.210912,35.219184,8.272,5.590909260704878,-10.0,49.8046875,78.125,41.9921875,36.1328125,34.66796875,76.171875,41.50390625,-2.5380741466175465,1.0,23.4375,0.0598335303366184,Tuqi.wav,,1,A,短促宽带下降FM型,1.0444577533513697,-3.611732021860796
Tuqi.wav,unlabeled,1,1,1,1,False,1.0,,0.0,True,,0.0,0.001424,0.0,0.003624,3.624,5.473780566028793,-10.0,20.99609375,21.484375,26.3671875,-4.8828125,20.5078125,65.91796875,45.41015625,3.703826753963975,1.0,9.765625,0.0243985299021005,Tuqi.wav,,2,D,复杂、中间或混合声型,-2.165453675013037,0.8496754885236166
Tuqi.wav,unlabeled,24,19,2,3,True,0.8371884482090378,29.6630859375,-2.1915011996481373,True,,32.072504,32.078424,32.070304,32.078056,7.752,5.17313681155208,-10.0,29.296875,29.78515625,30.76171875,-0.9765625,27.83203125,34.1796875,6.34765625,-0.1416138276292286,1.0,5.37109375,0.0312208905816078,Tuqi.wav,,0,C,低频窄带或缓变型,-2.207420377082005,0.9183724142467666
Tuqi.wav,unlabeled,22,18,3,3,True,0.8895063987350585,86.669921875,-9.944424113844736,True,,32.014136,32.019032,32.0134,32.018536,5.136,5.144317521443281,-10.0,86.42578125,86.42578125,86.9140625,-0.48828125,83.49609375,88.8671875,5.37109375,0.1444025078282994,0.951219512195122,0.48828125,0.0243660528212785,Tuqi.wav,,3,B,高频窄带或CF型,3.662743493313639,1.0941649004679124
Tuqi.wav,unlabeled,65,41,3,3,True,0.7438535964250677,50.78125,-1.1156763217439003,True,,34.271032,34.27388,34.268888,34.274024,5.136,5.124207729895665,-10.0,50.78125,50.78125,47.8515625,2.9296875,46.875,54.6875,7.8125,-0.7835414766849897,1.0,4.39453125,0.0282586012035608,Tuqi.wav,,0,C,低频窄带或缓变型,-0.1213701389643963,0.3822145263032538
Tuqi.wav,unlabeled,8,8,1,1,False,1.0,,0.0,True,,0.853616,0.878992,0.853848,0.85668,2.832,5.0905012957237865,-10.0,42.96875,41.9921875,46.38671875,-4.39453125,39.0625,46.38671875,7.32421875,3.7393079916007896,1.0,20.5078125,0.1231324449181556,Tuqi.wav,,0,C,低频窄带或缓变型,-0.876507973912923,1.4062674425940809
Tuqi.wav,unlabeled,68,43,2,3,True,0.8283102134199631,46.38671875,-1.5663665064890333,True,,34.439992,34.441816,34.438104,34.444016,5.912,5.065042325617032,-10.0,44.921875,37.59765625,47.36328125,-9.765625,39.0625,51.7578125,12.6953125,0.9139746455105248,1.0,6.34765625,0.0317582674324512,Tuqi.wav,,0,C,低频窄带或缓变型,-0.7668557474376924,1.48885605413184
Tuqi.wav,unlabeled,101,59,1,1,False,1.0,,0.0,True,,35.192632,35.199576,35.190432,35.201776,11.344,5.029487647483069,-10.0,44.921875,54.6875,42.48046875,12.20703125,29.78515625,55.17578125,25.390625,-0.4851822143596253,1.0,16.11328125,0.0611179620027542,Tuqi.wav,,1,A,短促宽带下降FM型,-0.2188331563968656,-0.7093766645681474
Tuqi.wav,unlabeled,44,28,3,3,True,0.916383238562208,83.49609375,-7.525508529401284,True,,32.459576,32.46652,32.458456,32.46564,7.184,4.9804101651205706,-10.0,83.49609375,83.0078125,80.078125,2.9296875,79.1015625,87.40234375,8.30078125,-0.2815038653039861,0.9473684210526316,5.859375,0.0291264113038778,Tuqi.wav,,3,B,高频窄带或CF型,3.388470338324263,0.6108311060417836
Tuqi.wav,unlabeled,92,53,2,3,True,0.9251320955637716,52.001953125,-0.7061965056435361,True,,34.812728,34.818648,34.810784,34.820848,10.064,4.957714501681251,-10.0,52.24609375,47.8515625,54.6875,-6.8359375,44.43359375,58.10546875,13.671875,0.5122168967182968,1.0,11.23046875,0.0300496276468038,Tuqi.wav,,0,C,低频窄带或缓变型,0.2534420307556935,1.2009178448735656
Tuqi.wav,unlabeled,83,49,1,1,False,1.0,,0.0,True,,34.663224,34.66812,34.661152,34.669296,8.144,4.883784619452278,-10.0,51.26953125,60.05859375,56.15234375,3.90625,41.015625,60.05859375,19.04296875,-0.7486168718163274,1.0,6.8359375,0.0644114017486572,Tuqi.wav,,1,A,短促宽带下降FM型,0.4422263583125009,0.066631599225199
Tuqi.wav,unlabeled,55,33,1,1,False,1.0,,0.0,True,,32.600888,32.624216,32.598688,32.623216,24.528,4.8322077916214,-10.0,59.5703125,59.5703125,65.91796875,-6.34765625,28.80859375,87.40234375,58.59375,-0.1079813739356569,1.0,19.53125,0.0821349471807479,Tuqi.wav,,2,D,复杂、中间或混合声型,2.01339684097156,0.2303492612527484
Tuqi.wav,unlabeled,13,13,1,1,False,1.0,,0.0,True,,1.1413600000000002,1.16264,1.146328,1.157992,11.664,4.760471038162624,-10.0,46.38671875,46.875,45.8984375,0.9765625,45.8984375,46.875,0.9765625,-0.0300728642536146,1.0,0.48828125,0.0785173773765564,Tuqi.wav,,0,C,低频窄带或缓变型,-0.3691969813324864,1.3346985551971926
Tuqi.wav,unlabeled,89,52,2,3,True,0.8406951261577947,47.8515625,-1.7684731285571007,True,,34.765623999999995,34.77052,34.76368,34.768872,5.191999999999999,4.744582819438799,-10.0,47.8515625,42.96875,53.7109375,-10.7421875,44.43359375,55.6640625,11.23046875,2.0296316113621504,1.0,5.37109375,0.0307194907218217,Tuqi.wav,,0,C,低频窄带或缓变型,-0.3015986102959707,1.8835733201158964
Tuqi.wav,unlabeled,105,63,1,1,False,1.0,,0.0,True,,35.652408,35.656279999999995,35.650656,35.65848,7.823999999999999,4.670063473530375,-10.0,50.78125,52.24609375,47.8515625,4.39453125,36.62109375,74.21875,37.59765625,-0.0326609017731183,1.0,9.27734375,0.0602934546768665,Tuqi.wav,,2,D,复杂、中间或混合声型,0.3635278639831343,-0.3214241408176463
Tuqi.wav,unlabeled,75,45,3,3,True,0.827353279539215,48.583984375,-2.3757048414706534,True,,34.567992,34.571864,34.567384,34.574064,6.680000000000001,4.610001468027914,-10.0,46.875,51.26953125,52.734375,-1.46484375,41.015625,54.19921875,13.18359375,-0.0150717760051333,1.0,7.32421875,0.0291446056216955,Tuqi.wav,,0,C,低频窄带或缓变型,-0.1425566226566848,0.6772280367730115
Tuqi.wav,unlabeled,94,54,1,1,False,1.0,,0.0,True,,34.9438,34.947672,34.9416,34.949872,8.272,4.550282715367453,-10.0,47.8515625,79.58984375,43.45703125,36.1328125,35.64453125,77.1484375,41.50390625,-2.184947887500684,1.0,28.80859375,0.058630421757698,Tuqi.wav,,1,A,短促宽带下降FM型,1.1542150573307624,-3.708672723674983
Tuqi.wav,unlabeled,86,51,2,3,True,0.9269405876238448,52.734375,-2.040190863853972,True,,34.72876,34.733656,34.726816,34.732008,5.191999999999999,4.517354229678123,-10.0,52.24609375,58.10546875,56.640625,1.46484375,50.29296875,60.05859375,9.765625,0.1036746992051458,1.0,3.90625,0.0353847481310367,Tuqi.wav,,0,C,低频窄带或缓变型,0.4446839200910539,0.6648815206806956
Tuqi.wav,unlabeled,61,39,1,1,False,1.0,,0.0,True,,33.74572,33.75164,33.744928,33.753776,8.848,4.438111619677439,-10.0,48.828125,71.2890625,49.8046875,21.484375,23.92578125,68.84765625,44.921875,-1.3049595125098423,1.0,15.13671875,0.0709296613931655,Tuqi.wav,,2,D,复杂、中间或混合声型,0.5593099631987717,-2.1477519242047807
Tuqi.wav,unlabeled,103,61,1,1,False,1.0,,0.0,True,,35.239736,35.242584,35.237536,35.244272,6.736,4.375716848105508,-10.0,51.26953125,74.70703125,51.26953125,23.4375,37.59765625,77.63671875,40.0390625,-1.8861251114991568,1.0,19.53125,0.0590574145317077,Tuqi.wav,,1,A,短促宽带下降FM型,1.1649143913797029,-2.538645189700232
Tuqi.wav,unlabeled,82,48,3,3,True,0.9233258353667824,55.6640625,-3.218856635171389,True,,34.629432,34.636376,34.632216,34.636584,4.368,4.350953495954286,-10.0,53.7109375,56.640625,55.6640625,0.9765625,53.22265625,57.12890625,3.90625,-0.7031010646446082,1.0,1.953125,0.0286438819020986,Tuqi.wav,,0,C,低频窄带或缓变型,0.36192379459282,0.6659406291516582
Tuqi.wav,unlabeled,25,19,3,3,True,0.8211614647796702,23.92578125,-3.104902132093838,True,,32.072504,32.078424,32.070304,32.07972,9.416,4.259735879106379,-10.0,23.92578125,22.94921875,23.92578125,-0.9765625,20.5078125,33.69140625,13.18359375,1.1895189281747485,1.0,10.25390625,0.0259996224194765,Tuqi.wav,,0,C,低频窄带或缓变型,-2.678012804713196,1.0185173691434084
Tuqi.wav,unlabeled,72,44,3,3,True,0.8880798898091764,50.537109375,-3.842040686404888,True,,34.510648,34.51452,34.509528,34.51492,5.392,4.239778831337972,-10.0,49.31640625,45.41015625,39.55078125,5.859375,45.8984375,56.640625,10.7421875,-1.1215970365708092,1.0,9.765625,0.024796076118946,Tuqi.wav,,0,C,低频窄带或缓变型,-0.3490773016104884,-0.1211264797244964
Xianren.wav,unlabeled,42,35,1,3,True,0.9653846153846152,41.015625,0.0,True,,2.82584,2.832784,2.826192,2.831328,5.136,16.361453721467143,-20.497964436324686,37.59765625,46.38671875,36.62109375,9.765625,36.1328125,44.43359375,8.30078125,-1.9853414311582824,0.951219512195122,3.90625,0.0809978246688842,Xianren.wav,,0,C,低频窄带或缓变型,-1.3058537526748502,-0.3606023766364033
Xianren.wav,unlabeled,30,24,1,1,False,1.0,,0.0,True,,1.7148,1.738128,1.71452,1.724776,10.256,16.247224009451717,-18.16157940186608,35.15625,44.43359375,35.15625,9.27734375,34.66796875,40.52734375,5.859375,-0.5893483286842967,1.0,3.41796875,0.2176689803600311,Xianren.wav,,0,C,低频窄带或缓变型,-1.2728041712934224,0.3417472362264991
Xianren.wav,unlabeled,38,32,1,1,False,1.0,,0.0,True,,2.642544,2.660752,2.643032,2.653352,10.32,16.01687766049715,-18.552597631519163,35.15625,44.43359375,35.15625,9.27734375,34.66796875,40.52734375,5.859375,-0.5863330982349533,1.0,3.41796875,0.2170038968324661,Xianren.wav,,0,C,低频窄带或缓变型,-1.270433525668102,0.3456908814699957
Xianren.wav,unlabeled,59,46,1,3,True,0.97,37.841796875,0.0,True,,3.873392,3.883408,3.875664,3.879656,3.992,14.009241370715042,-15.272465580907056,38.0859375,44.921875,35.64453125,9.27734375,36.1328125,44.43359375,8.30078125,-2.889689112688429,1.0,2.9296875,0.1300836503505706,Xianren.wav,,0,C,低频窄带或缓变型,-1.2718625082313424,-0.6255288565069467
Xianren.wav,unlabeled,40,34,1,2,True,0.7642857142857142,35.400390625,0.0,True,,2.752112,2.759056,2.75164,2.756832,5.191999999999999,13.892619251499063,-14.273954109249573,36.62109375,29.296875,33.69140625,-4.39453125,35.15625,42.48046875,7.32421875,-0.0768727519151544,0.902439024390244,12.6953125,0.0604930259287357,Xianren.wav,,0,C,低频窄带或缓变型,-1.9182212521831263,0.8451149282079308
Xianren.wav,unlabeled,28,22,1,1,False,1.0,,0.0,True,,1.52024,1.529232,1.521624,1.528168,6.5440000000000005,12.15863031277986,-10.420502002733464,35.15625,36.62109375,34.66796875,1.953125,34.66796875,37.59765625,2.9296875,-0.3059769556095488,1.0,0.48828125,0.084766961634159,Xianren.wav,,0,C,低频窄带或缓变型,-1.715366684150018,0.8904339659847373
Xianren.wav,unlabeled,36,30,1,1,False,1.0,,0.0,True,,2.449008,2.458,2.450136,2.456616,6.48,12.127931923552511,-10.40045335766191,35.15625,36.62109375,34.66796875,1.953125,34.66796875,37.59765625,2.9296875,-0.3086279959700253,1.0,0.48828125,0.0851496532559394,Xianren.wav,,0,C,低频窄带或缓变型,-1.7177418724067133,0.8865891007876914
Xianren.wav,unlabeled,41,34,2,2,True,0.7415327512212463,36.865234375,-2.0477666758021225,True,,2.752112,2.759056,2.754,2.75748,3.48,11.84485257569694,-14.273954109249573,37.109375,41.9921875,40.0390625,1.953125,35.64453125,40.52734375,4.8828125,-1.317500807120624,1.0,4.8828125,0.0519334264099597,Xianren.wav,,0,C,低频窄带或缓变型,-1.4056098059408848,0.2531844920231331
Xianren.wav,unlabeled,25,19,1,1,False,1.0,,0.0,True,,1.224304,1.233296,1.223384,1.233384,10.0,11.826825796242488,-10.0,35.15625,41.50390625,35.64453125,5.859375,34.66796875,39.55078125,4.8828125,-0.5305103573153755,1.0,0.48828125,0.0557615831494331,Xianren.wav,,0,C,低频窄带或缓变型,-1.396639522529374,0.6908963938914005
Xianren.wav,unlabeled,33,27,1,1,False,1.0,,0.0,True,,2.153072,2.162064,2.151896,2.161896,10.0,11.793086816320503,-10.0,35.15625,41.50390625,35.64453125,5.859375,34.66796875,39.55078125,4.8828125,-0.5276316909270008,1.0,0.48828125,0.0557662174105644,Xianren.wav,,0,C,低频窄带或缓变型,-1.3966754288339485,0.6916771806515343
Xianren.wav,unlabeled,27,21,1,1,False,1.0,,0.0,True,,1.414768,1.425808,1.41404,1.423144,9.104,11.529030163002368,-10.77929839422869,36.62109375,41.9921875,36.1328125,5.859375,34.66796875,39.55078125,4.8828125,-0.5506520041607355,1.0,1.953125,0.0865511745214462,Xianren.wav,,0,C,低频窄带或缓变型,-1.361964420888888,0.5935520180259585
Xianren.wav,unlabeled,35,29,1,1,False,1.0,,0.0,True,,2.343536,2.353552,2.342616,2.351528,8.911999999999999,11.24286912086828,-10.30106749977952,36.62109375,41.50390625,36.1328125,5.37109375,34.66796875,39.55078125,4.8828125,-0.542220288442613,1.0,1.46484375,0.0874211192131042,Xianren.wav,,0,C,低频窄带或缓变型,-1.385672113635967,0.6349297921611942
Xianren.wav,unlabeled,3,3,1,1,False,1.0,,0.0,True,,0.193136,0.197008,0.19196,0.196776,4.816,11.241094430387054,-10.94383129840427,20.99609375,26.85546875,20.01953125,6.8359375,20.01953125,26.85546875,6.8359375,-1.448407868663832,1.0,2.44140625,0.0461561605334281,Xianren.wav,,0,C,低频窄带或缓变型,-3.12455422662469,0.0055230738126634
Xianren.wav,unlabeled,78,63,1,3,True,1.0,67.3828125,0.0,True,,61.686912,61.702048000000005,61.684712,61.703288,18.576,11.074125399650546,-10.0,67.3828125,67.3828125,67.3828125,0.0,66.89453125,67.87109375,0.9765625,7.604568601261017e-16,1.0,0.0,0.0307399965822696,Xianren.wav,,3,B,高频窄带或CF型,2.1833149946124237,1.7701549464989426
Xianren.wav,unlabeled,54,43,1,3,True,0.95,39.6728515625,0.0,True,,3.64504,3.649936,3.643736,3.649192,5.456,11.017762947048288,-10.0,37.59765625,48.828125,35.64453125,13.18359375,36.62109375,48.33984375,11.71875,-2.103786531872926,0.9767441860465116,17.08984375,0.0381635874509811,Xianren.wav,,1,A,短促宽带下降FM型,-0.956645168108651,-1.1511785773785126
Xianren.wav,unlabeled,81,64,1,3,True,1.0,67.138671875,0.0,True,,61.706368000000005,61.727648,61.705384,61.726776,21.392000000000003,10.726117389149902,-10.0,67.3828125,67.3828125,67.3828125,0.0,66.89453125,67.87109375,0.9765625,-0.0008061490417648,1.0,0.48828125,0.0367073193192482,Xianren.wav,,3,B,高频窄带或CF型,2.293966286919361,1.89075861283938
Xianren.wav,unlabeled,23,17,1,1,False,1.0,,0.0,True,,1.035888,1.0397599999999998,1.034392,1.038184,3.792,10.638231826310063,-10.0,38.0859375,48.33984375,35.15625,13.18359375,36.62109375,44.43359375,7.8125,-3.072125495342048,1.0,3.41796875,0.0450824052095413,Xianren.wav,,1,A,短促宽带下降FM型,-1.1913374036761173,-0.9405120305907996
Xianren.wav,unlabeled,82,64,2,3,True,0.9962757919206886,48.33984375,-0.3351787271380342,True,,61.706368000000005,61.727648,61.705952,61.72632,20.368,10.390938662011868,-10.0,48.33984375,48.33984375,48.33984375,0.0,47.8515625,48.828125,0.9765625,0.000946575003877,0.96875,0.48828125,0.036151397973299,Xianren.wav,,0,C,低频窄带或缓变型,0.0938407858518574,1.8526390121023808
Xianren.wav,unlabeled,70,55,1,1,False,1.0,,0.0,True,,60.624,60.627872,60.623272,60.627128,3.856,10.002067311995706,-15.186523951048995,27.83203125,29.78515625,27.83203125,1.953125,22.94921875,30.2734375,7.32421875,-0.8321577502835257,1.0,1.953125,0.0513987876474857,Xianren.wav,,0,C,低频窄带或缓变型,-2.65613653014411,0.4414668029446958
Xianren.wav,unlabeled,57,44,1,1,False,1.0,,0.0,True,,3.727984,3.739024,3.72732,3.732968,5.648000000000001,9.928131418974248,-10.0,38.57421875,55.6640625,38.57421875,17.08984375,36.1328125,53.7109375,17.578125,-3.078395355988556,1.0,5.859375,0.0817798301577568,Xianren.wav,,1,A,短促宽带下降FM型,-0.617278280126128,-1.450297976817776
Xianren.wav,unlabeled,1,1,1,1,False,1.0,,0.0,True,,0.121456,0.124304,0.120152,0.123944,3.792,9.783721714291964,-14.130912288803517,27.83203125,29.78515625,27.83203125,1.953125,22.94921875,30.2734375,7.32421875,-0.94539994525167,1.0,1.953125,0.0517676062881946,Xianren.wav,,0,C,低频窄带或缓变型,-2.657132288086614,0.4076260654734973
Xianren.wav,unlabeled,65,50,1,1,False,1.0,,0.0,True,,59.822208,59.850656,59.82468,59.830392,5.712,9.715112889887369,-11.43009153222761,20.99609375,20.99609375,20.99609375,0.0,20.5078125,21.97265625,1.46484375,0.0150778548048423,1.0,0.48828125,0.121527075767517,Xianren.wav,,0,C,低频窄带或缓变型,-3.3642522281294074,1.0918809447637878
Xianren.wav,unlabeled,20,14,1,1,False,1.0,,0.0,True,,0.6959200000000001,0.698768,0.69372,0.699624,5.904000000000001,9.707030666476044,-10.0,37.109375,41.015625,38.0859375,2.9296875,36.62109375,40.0390625,3.41796875,-0.6082871796134225,1.0,0.9765625,0.0363655872642993,Xianren.wav,,0,C,低频窄带或缓变型,-1.4173193177548726,0.6801970853535165
Xianren.wav,unlabeled,31,25,1,1,False,1.0,,0.0,True,,1.836656,1.842576,1.835224,1.84196,6.736,9.314519511442576,-10.0,37.109375,40.0390625,36.62109375,3.41796875,36.1328125,39.0625,2.9296875,-0.560423997578513,1.0,0.48828125,0.05706637352705,Xianren.wav,,0,C,低频窄带或缓变型,-1.477186706153804,0.7358043144366114
Xianren.wav,unlabeled,75,60,1,1,False,1.0,,0.0,True,,61.2128,61.235104,61.2106,61.237304,26.704,9.20936875695694,-10.0,68.359375,29.296875,68.359375,-39.0625,24.4140625,90.8203125,66.40625,0.3769518204734197,1.0,34.66796875,0.03781758248806,Xianren.wav,,2,D,复杂、中间或混合声型,1.7611824441226955,1.8851971001475525
Xianren.wav,unlabeled,55,43,2,3,True,0.9269248969832528,37.353515625,-2.0767592715072576,True,,3.64504,3.649936,3.64456,3.648288,3.728,8.94100367554103,-10.0,38.0859375,40.0390625,34.66796875,5.37109375,36.1328125,40.0390625,3.90625,-1.9288674379006447,0.8666666666666667,1.46484375,0.0313616693019866,Xianren.wav,,0,C,低频窄带或缓变型,-1.879718563650708,0.1343764021893712
Xianren.wav,unlabeled,77,62,1,1,False,1.0,,0.0,True,,61.672576,61.680544000000005,61.670376,61.682744,12.368,8.92000738569783,-10.0,67.3828125,66.89453125,67.3828125,-0.48828125,32.2265625,67.87109375,35.64453125,0.0178575666232162,1.0,0.48828125,0.03034527041018,Xianren.wav,,2,D,复杂、中间或混合声型,1.3163277021843818,0.5472002794215624
Xianren.wav,unlabeled,43,35,2,3,True,0.8218667675822856,25.7568359375,-7.594490917594302,True,,2.82584,2.832784,2.825624,2.8312,5.5760000000000005,8.76696280387284,-20.497964436324686,38.0859375,23.4375,44.43359375,-20.99609375,22.4609375,50.78125,28.3203125,5.348909900926049,1.0,12.20703125,0.0147176031023263,Xianren.wav,,0,C,低频窄带或缓变型,-1.6533579849965188,2.773028050002811
Xianren.wav,unlabeled,44,35,3,3,True,0.8803731217008564,39.306640625,-7.65103443153831,True,,2.82584,2.832784,2.826704,2.830048,3.3440000000000003,8.710419289928833,-20.497964436324686,38.0859375,32.71484375,41.50390625,-8.7890625,37.109375,42.96875,5.859375,2.587473290598296,0.9629629629629628,5.37109375,0.0361286588013172,Xianren.wav,,0,C,低频窄带或缓变型,-1.6278157296535625,1.9878385623955328
Xianren.wav,unlabeled,58,45,1,1,False,1.0,,0.0,True,,3.800688,3.808656,3.799832,3.806312,6.48,8.707534604043891,-10.0,38.57421875,56.640625,37.109375,19.53125,37.109375,56.15234375,19.04296875,-2.7918060440823,1.0,5.859375,0.0623579397797584,Xianren.wav,,1,A,短促宽带下降FM型,-0.5153135376594672,-1.5211661968292098
Xianren.wav,unlabeled,24,18,1,1,False,1.0,,0.0,True,,1.134192,1.1401119999999998,1.131992,1.142312,10.32,8.606772542847107,-10.0,36.62109375,39.55078125,36.62109375,2.9296875,28.3203125,39.0625,10.7421875,-0.1791046886909295,1.0,0.9765625,0.0325936935842037,Xianren.wav,,0,C,低频窄带或缓变型,-1.5061334885128532,0.8163000783550116
Xianren.wav,unlabeled,48,37,1,1,False,1.0,,0.0,True,,3.029616,3.034512,3.028056,3.033768,5.712,8.377469777985592,-10.36223726566773,36.62109375,42.48046875,35.64453125,6.8359375,35.64453125,41.50390625,5.859375,-1.122294992640394,1.0,1.953125,0.0493175536394119,Xianren.wav,,0,C,低频窄带或缓变型,-1.4131105179613208,0.1877524220501514
Xianren.wav,unlabeled,12,10,1,3,True,0.9608695652173912,39.55078125,0.0,True,,0.5372,0.5564319999999999,0.53736,0.541984,4.624,8.269599427449473,-10.0,39.0625,48.33984375,38.57421875,9.765625,38.0859375,41.9921875,3.90625,-2.2300485135460444,0.945945945945946,4.39453125,0.0485592000186443,Xianren.wav,,0,C,低频窄带或缓变型,-1.2389175233980565,-0.3531529214109401
Xianren.wav,unlabeled,62,47,1,1,False,1.0,,0.0,True,,58.949760000000005,58.953632,58.94756,58.955832,8.272,8.225894190315243,-10.0,22.4609375,22.4609375,22.4609375,0.0,21.97265625,30.2734375,8.30078125,0.0128379234900851,1.0,0.48828125,0.0282648410648107,Xianren.wav,,0,C,低频窄带或缓变型,-2.933707919905617,1.0426997120305488
Xianren.wav,unlabeled,13,10,2,3,True,0.9603695526321948,43.8232421875,-0.045001132667672,True,,0.5372,0.5564319999999999,0.537048,0.543144,6.096,8.224598294781801,-10.0,41.015625,43.45703125,39.0625,4.39453125,39.55078125,45.8984375,6.34765625,-0.6023097234966938,1.0,6.8359375,0.0537807568907737,Xianren.wav,,0,C,低频窄带或缓变型,-0.9870218561807026,0.3318730892808745
Xianren.wav,unlabeled,83,64,3,3,True,0.970813949748494,29.296875,-2.626744522635549,True,,61.706368000000005,61.727648,61.705384,61.724272,18.888,8.099372866514353,-10.0,29.296875,22.94921875,34.1796875,-11.23046875,24.4140625,32.2265625,7.8125,0.1545057740699421,0.9932432432432432,5.859375,0.0323128104209899,Xianren.wav,,0,C,低频窄带或缓变型,-2.0116502403898573,2.142093832233754
Xianren.wav,unlabeled,60,46,2,3,True,0.8346639397528496,36.62109375,-6.075897596156587,True,,3.873392,3.883408,3.874896,3.879656,4.760000000000001,7.933343774558455,-15.272465580907056,40.0390625,42.96875,33.69140625,9.27734375,28.80859375,42.48046875,13.671875,-2.616734561571628,1.0,4.39453125,0.0637554377317428,Xianren.wav,,0,C,低频窄带或缓变型,-1.455825037627318,-0.700605186821963
Xianren.wav,unlabeled,22,16,1,1,False,1.0,,0.0,True,,0.899696,0.907664,0.898648,0.90308,4.432,7.827031706337618,-10.0,39.0625,47.8515625,35.64453125,12.20703125,36.1328125,45.41015625,9.27734375,-3.0635117816657864,1.0,2.44140625,0.0517974309623241,Xianren.wav,,1,A,短促宽带下降FM型,-1.140938137724783,-0.8473757268486454
Xianren.wav,unlabeled,16,12,1,1,False,1.0,,0.0,True,,0.6365280000000001,0.644496,0.635928,0.642536,6.6080000000000005,7.634122453909169,-10.0,24.4140625,27.83203125,25.87890625,1.953125,21.484375,27.83203125,6.34765625,-0.1789615083634343,1.0,3.41796875,0.0607182905077934,Xianren.wav,,0,C,低频窄带或缓变型,-2.7969847682712907,0.7237411155721
Xianren.wav,unlabeled,6,6,1,1,False,1.0,,0.0,True,,0.269936,0.275856,0.267736,0.278056,10.32,7.590893169752736,-10.0,31.73828125,25.390625,20.99609375,4.39453125,21.484375,33.69140625,12.20703125,-0.113803412102317,1.0,9.765625,0.0315424166619777,Xianren.wav,,0,C,低频窄带或缓变型,-2.4391422783119165,0.4340445826547084
Xianren.wav,unlabeled,37,31,1,1,False,1.0,,0.0,True,,2.546288,2.5522080000000003,2.54428,2.55172,7.44,7.292315090964013,-10.0,37.109375,42.48046875,37.59765625,4.8828125,36.62109375,40.52734375,3.90625,-0.6690769429655578,1.0,0.9765625,0.0380079075694084,Xianren.wav,,0,C,低频窄带或缓变型,-1.3208726617400004,0.6010373635991434
Xianren.wav,unlabeled,32,26,1,1,False,1.0,,0.0,True,,2.06296,2.06888,2.06076,2.07108,10.32,7.03289555115034,-10.0,36.62109375,39.55078125,36.62109375,2.9296875,28.3203125,39.0625,10.7421875,-0.1429219232988232,1.0,0.9765625,0.0326952338218688,Xianren.wav,,0,C,低频窄带或缓变型,-1.5065848049278976,0.8261140061784217
Xianren.wav,unlabeled,2,2,1,1,False,1.0,,0.0,True,,0.134768,0.142736,0.135128,0.140904,5.776,7.028154321672314,-13.723507164558573,26.3671875,30.76171875,27.83203125,2.9296875,23.92578125,30.76171875,6.8359375,-0.6262549565891893,1.0,7.8125,0.0718018934130668,Xianren.wav,,0,C,低频窄带或缓变型,-2.509658767589327,0.3372225172312246
Xianren.wav,unlabeled,26,20,1,1,False,1.0,,0.0,True,,1.37176,1.375632,1.369624,1.376232,6.6080000000000005,6.91559269726282,-10.0,37.109375,39.55078125,36.62109375,2.9296875,36.1328125,39.0625,2.9296875,-0.3854430302968605,1.0,1.46484375,0.0341510400176048,Xianren.wav,,0,C,低频窄带或缓变型,-1.4865295448790217,0.775340404966862
Xianren.wav,unlabeled,51,40,1,1,False,1.0,,0.0,True,,3.212912,3.223952,3.211416,3.22468,13.264,6.661786751365675,-10.0,37.59765625,37.59765625,40.0390625,-2.44140625,36.1328125,44.43359375,8.30078125,-0.0088926848665216,1.0,3.41796875,0.0378700643777847,Xianren.wav,,0,C,低频窄带或缓变型,-1.0540676639850652,1.336762486345549
Xianren.wav,unlabeled,29,23,1,1,False,1.0,,0.0,True,,1.618544,1.6234399999999998,1.616344,1.623272,6.928,6.532222455279225,-10.0,37.109375,40.52734375,38.0859375,2.44140625,36.62109375,40.0390625,3.41796875,-0.4907363076918785,1.0,0.9765625,0.0392344780266284,Xianren.wav,,0,C,低频窄带或缓变型,-1.3919532263728502,0.7938483502534673
Xianren.wav,unlabeled,10,8,1,1,False,1.0,,0.0,True,,0.401008,0.429456,0.400984,0.408424,7.44,6.311913763262883,-10.0,22.94921875,27.34375,20.5078125,6.8359375,20.99609375,28.80859375,7.8125,-0.8458773480877431,1.0,3.41796875,0.0686219409108161,Xianren.wav,,0,C,低频窄带或缓变型,-2.891659925525354,0.2436114262445272
Xianren.wav,unlabeled,15,11,1,1,False,1.0,,0.0,True,,0.559728,0.590224,0.560152,0.566952,6.8,6.166227465069763,-10.0,22.94921875,40.0390625,22.94921875,17.08984375,21.484375,36.1328125,14.6484375,-1.205115720888131,1.0,12.20703125,0.0712956264615058,Xianren.wav,,0,C,低频窄带或缓变型,-2.279782766676892,-1.0353109269439564
Xianren.wav,unlabeled,5,5,1,1,False,1.0,,0.0,True,,0.2494559999999999,0.264592,0.247256,0.266792,19.536,6.157869220557206,-10.0,33.69140625,32.2265625,22.4609375,9.765625,20.99609375,35.15625,14.16015625,-0.370129881582192,1.0,12.20703125,0.0326613001525402,Xianren.wav,,0,C,低频窄带或缓变型,-1.8009820263549898,0.3308869684391014
Xianren.wav,unlabeled,34,28,1,1,False,1.0,,0.0,True,,2.300528,2.3044,2.298328,2.304744,6.416,5.989962268656731,-10.0,37.109375,39.0625,36.62109375,2.44140625,36.1328125,39.0625,2.9296875,-0.3503997940822981,1.0,1.46484375,0.0346610136330127,Xianren.wav,,0,C,低频窄带或缓变型,-1.5058911669354214,0.8072224091235125
Xianren.wav,unlabeled,17,13,1,3,True,0.8903846153846153,26.7333984375,0.0,True,,0.646768,0.656784,0.64552,0.658208,12.688,5.865112420603898,-10.0,25.87890625,25.390625,37.109375,-11.71875,20.99609375,28.3203125,7.32421875,0.3988129077119931,0.98,9.27734375,0.0216130930930376,Xianren.wav,,0,C,低频窄带或缓变型,-2.36873090530477,1.816906165308097
Xianren.wav,unlabeled,21,15,1,1,False,1.0,,0.0,True,,0.7460960000000001,0.756112,0.744792,0.749096,4.303999999999999,5.792237895735061,-10.0,36.62109375,43.9453125,36.62109375,7.32421875,36.1328125,43.45703125,7.32421875,-2.1209600228585743,1.0,2.44140625,0.0593106001615524,Xianren.wav,,0,C,低频窄带或缓变型,-1.3361561979364978,-0.240513794430153
Xianren.wav,unlabeled,7,7,1,3,True,0.83125,23.92578125,0.0,True,,0.319088,0.349584,0.320784,0.324384,3.6,5.509916631746984,-10.0,22.94921875,29.296875,22.4609375,6.8359375,21.97265625,27.83203125,5.859375,-2.34284825959631,0.9310344827586208,1.953125,0.0517197847366333,Xianren.wav,,0,C,低频窄带或缓变型,-3.120992545994598,-0.2078155431022547
Xianren.wav,unlabeled,45,36,1,3,True,0.9763157894736842,40.0390625,0.0,True,,2.940528,2.942352,2.938328,2.941344,3.016,5.453679829829877,-10.0,39.55078125,39.55078125,41.50390625,-1.953125,37.59765625,41.015625,3.41796875,0.8669766512784088,0.9583333333333334,1.46484375,0.0246645268052816,Xianren.wav,,0,C,低频窄带或缓变型,-1.511612990573323,1.264381663213705
Xianren.wav,unlabeled,4,4,1,1,False,1.0,,0.0,True,,0.2402399999999999,0.247184,0.23868,0.246312,7.632,5.260206141840319,-10.0,25.87890625,27.34375,33.203125,-5.859375,20.5078125,33.69140625,13.18359375,0.2523699413574068,1.0,9.765625,0.0435743778944015,Xianren.wav,,0,C,低频窄带或缓变型,-2.406342292863519,0.9826403183712478
Xianren.wav,unlabeled,71,56,1,1,False,1.0,,0.0,True,,60.91584,60.92688,60.913704,60.928888,15.184,5.176362909548068,-10.0,22.94921875,21.97265625,22.4609375,-0.48828125,20.5078125,37.109375,16.6015625,-0.1537886427909347,1.0,2.44140625,0.0296120010316371,Xianren.wav,,0,C,低频窄带或缓变型,-2.506301610897369,1.0871661065986395
Xianren.wav,unlabeled,8,7,2,3,True,0.8260088502671427,20.751953125,-0.4717034759571584,True,,0.319088,0.349584,0.319888,0.326376,6.488,5.038213155789825,-10.0,22.4609375,23.92578125,20.01953125,3.90625,20.5078125,26.85546875,6.34765625,-0.5951618177319027,1.0,0.9765625,0.0484375208616256,Xianren.wav,,0,C,低频窄带或缓变型,-3.114909092094408,0.576320722937858
Xianren.wav,unlabeled,52,41,1,1,False,1.0,,0.0,True,,3.299952,3.306896,3.298008,3.308264,10.256,4.611715315880657,-10.0,38.57421875,40.52734375,36.62109375,3.90625,36.1328125,45.8984375,9.765625,-0.2595682669676639,1.0,2.9296875,0.0347671769559383,Xianren.wav,,0,C,低频窄带或缓变型,-1.1068575114346983,0.7034152234463341
Xianren.wav,unlabeled,79,63,2,3,True,0.9265403005722492,48.095703125,-6.61137294849757,True,,61.686912,61.702048000000005,61.689248,61.701552,12.304,4.462752451152976,-10.0,48.33984375,48.33984375,48.33984375,0.0,47.8515625,49.31640625,1.46484375,-0.00231502778104,0.9690721649484536,0.48828125,0.0181966498494148,Xianren.wav,,0,C,低频窄带或缓变型,-0.196365046952891,1.4452215589154147
Xianren.wav,unlabeled,18,13,2,3,True,0.8539453882692671,23.193359375,-1.4212308452396496,True,,0.646768,0.656784,0.644568,0.651296,6.728,4.443881575364249,-10.0,23.92578125,24.4140625,23.92578125,0.48828125,20.5078125,25.87890625,5.37109375,-0.206698642356071,1.0,0.48828125,0.0244384314864873,Xianren.wav,,0,C,低频窄带或缓变型,-3.018778900036235,0.9468496449227096
Xianren.wav,unlabeled,46,36,2,3,True,0.963148482902464,21.97265625,-1.1850575914098218,True,,2.940528,2.942352,2.938328,2.942624,4.296,4.268622238420055,-10.0,23.4375,21.97265625,23.92578125,-1.953125,21.484375,26.85546875,5.37109375,0.2407135172961219,1.0,1.953125,0.0202205404639244,Xianren.wav,,0,C,低频窄带或缓变型,-3.128807106907827,1.0583401300492088
Xianren.wav,unlabeled,53,42,1,1,False,1.0,,0.0,True,,3.480176,3.501456,3.479192,3.484968,5.776,4.190619973045056,-10.0,37.109375,42.96875,38.57421875,4.39453125,35.64453125,43.9453125,8.30078125,-1.0504238847373184,1.0,3.90625,0.0630548074841499,Xianren.wav,,0,C,低频窄带或缓变型,-1.2504849067529915,0.2305724579983821
